RS_number,rs1050979,rs9405661,rs12203596,rs4320356,rs114631266,rs2471863,rs34941730,rs2523989,rs45626136,rs886424,rs116020851,rs1265057,rs116763857,rs9264758,rs2251396,rs9501130,rs3093664,rs2857595,rs1270942,rs3134938,rs926592,rs1980493,rs3135365,rs9268576,rs9268645,rs9268853,rs138748427,rs7760731,rs9272346,rs9273363,rs9273367,rs9273368,rs1770,rs9275358,rs2647044,rs35122968,rs3997848,rs1015166,rs241427,rs4148870,rs3128930,rs78824139,rs17711850,rs3757247,rs11755527,rs72928038,rs9388489,rs1578060,rs1538171,rs12665429,rs212408,rs9356171,rs73043122,rs924043
rs1050979,1,0.423,0.001,0.004,0.002,0.003,0.013,0,0.007,0.013,0.004,0.002,0.001,0.004,0.019,0,0.032,0.005,0.018,0.003,0,0,0.01,0.02,0.02,0.007,0,0.001,0.003,0.008,0.01,0.01,0.003,0.012,0.005,0.004,0,0.029,0,0,0,0.011,0.012,0,0,0,0.002,0.002,0.003,0,0.001,0.002,0.006,0.002
rs9405661,0.423,1,0.001,0.001,0.001,0.001,0.001,0.001,0.004,0.001,0.002,0.008,0,0.003,0.011,0.003,0.021,0,0.003,0.001,0.001,0.001,0.008,0,0.009,0.017,0.002,0.002,0.001,0.016,0.019,0.019,0.013,0.01,0.001,0.003,0.008,0.005,0,0,0.001,0.009,0.001,0.007,0.005,0.014,0,0,0,0.004,0.002,0.002,0.008,0
rs12203596,0.001,0.001,1,0.012,0.011,0,0,0,0.001,0,0.007,0.01,0.018,0.003,0.001,0,0,0.001,0.003,0.002,0.013,0.002,0.002,0,0.014,0.023,0.012,0,0.005,0,0,0,0.014,0.002,0.002,0.001,0.001,0,0.001,0.003,0.004,0.001,0.001,0.001,0,0.001,0.004,0.004,0.003,0.023,0.029,0.001,0.002,0
rs4320356,0.004,0.001,0.012,1,0.022,0.012,0.014,0.047,0.016,0.071,0.022,0.009,0.037,0,0.005,0.006,0.001,0.014,0.064,0.001,0.015,0.018,0.001,0.003,0.009,0.001,0.001,0.019,0.013,0.002,0.001,0.001,0.026,0.001,0.034,0.001,0,0.005,0.001,0.013,0.008,0.009,0,0.003,0.004,0.001,0.002,0.002,0.001,0,0.002,0,0.003,0
rs114631266,0.002,0.001,0.011,0.022,1,0.005,0.174,0.003,0.237,0.002,0.492,0.026,0.256,0.076,0.005,0.029,0.002,0.003,0.002,0.001,0.004,0.003,0.002,0.001,0,0,0.001,0.005,0,0,0,0,0.004,0.028,0.002,0.002,0.007,0.009,0,0.004,0.007,0,0.021,0.014,0.015,0.001,0.003,0.003,0.003,0,0.001,0.002,0,0.003
rs2471863,0.003,0.001,0,0.012,0.005,1,0.019,0.015,0.053,0.04,0.026,0.018,0.041,0,0.025,0.006,0,0.003,0.036,0.001,0.046,0.035,0,0.012,0.018,0.006,0.012,0.018,0.009,0.013,0.011,0.011,0.001,0.014,0.042,0.006,0.06,0.023,0.001,0.009,0.003,0.008,0.002,0.007,0.01,0.003,0.017,0.017,0.019,0.012,0.014,0,0.002,0.005
rs34941730,0.013,0.001,0,0.014,0.174,0.019,1,0.015,0.149,0.011,0.142,0.012,0.092,0.066,0.006,0.004,0.004,0.005,0.01,0.001,0.011,0.006,0.007,0.004,0,0.006,0.001,0.005,0,0.015,0.014,0.014,0.002,0.004,0.013,0.01,0,0.003,0.005,0,0.009,0.024,0.023,0.029,0.03,0.015,0,0,0,0.006,0.001,0.007,0.002,0.004
rs2523989,0,0.001,0,0.047,0.003,0.015,0.015,1,0.001,0.549,0.005,0.125,0.004,0.01,0.231,0.031,0.01,0.288,0.507,0.008,0.21,0.323,0.039,0,0.009,0.028,0.018,0.22,0.008,0.092,0.075,0.075,0.032,0.009,0.306,0.002,0.011,0.06,0.036,0.027,0.002,0.002,0.003,0.016,0.015,0.002,0,0,0.001,0.018,0.015,0.011,0.003,0.018
rs45626136,0.007,0.004,0.001,0.016,0.237,0.053,0.149,0.001,1,0.008,0.2,0.011,0.131,0.154,0,0.003,0.001,0,0.007,0,0.017,0.002,0.007,0.003,0.004,0.013,0.005,0.007,0.009,0.007,0.006,0.006,0,0.028,0.01,0.007,0.014,0,0.004,0.008,0.029,0.001,0.001,0.001,0.001,0.001,0.013,0.013,0.012,0.005,0.007,0.003,0.002,0
rs886424,0.013,0.001,0,0.071,0.002,0.04,0.011,0.549,0.008,1,0.004,0.172,0.003,0.024,0.315,0.023,0.016,0.499,0.82,0.017,0.33,0.551,0.028,0.004,0.064,0.065,0.038,0.348,0.015,0.142,0.118,0.118,0.069,0.023,0.524,0.002,0.028,0.126,0.043,0.059,0.01,0.001,0.001,0.004,0.003,0.001,0.001,0.001,0.004,0.04,0,0,0.002,0.01
rs116020851,0.004,0.002,0.007,0.022,0.492,0.026,0.142,0.005,0.2,0.004,1,0.011,0.285,0.054,0.01,0.106,0.013,0.006,0.004,0.016,0.008,0.006,0,0.001,0.003,0.006,0.012,0.003,0.001,0.003,0.003,0.003,0.001,0.025,0.005,0.004,0,0.004,0.005,0.024,0.003,0,0,0,0,0,0,0,0,0,0.001,0.004,0.033,0
rs1265057,0.002,0.008,0.01,0.009,0.026,0.018,0.012,0.125,0.011,0.172,0.011,1,0.005,0.003,0.053,0.056,0.041,0.101,0.132,0.009,0.039,0.09,0.085,0,0.005,0.049,0.012,0.058,0.001,0.023,0.018,0.018,0.002,0.002,0.106,0.01,0.025,0.178,0.084,0.036,0.007,0.001,0,0.001,0,0.004,0,0,0.001,0.039,0,0.001,0.002,0
rs116763857,0.001,0,0.018,0.037,0.256,0.041,0.092,0.004,0.131,0.003,0.285,0.005,1,0.128,0.008,0.138,0.004,0.005,0.003,0,0.007,0.005,0.007,0.001,0.003,0.004,0,0.008,0.005,0.002,0.001,0.001,0.036,0.132,0.004,0.003,0.011,0.009,0.016,0.039,0.007,0,0.003,0,0.001,0.006,0,0,0,0,0.003,0.011,0.001,0.011
rs9264758,0.004,0.003,0.003,0,0.076,0,0.066,0.01,0.154,0.024,0.054,0.003,0.128,1,0.015,0.001,0.009,0.023,0.023,0.002,0.055,0.013,0.108,0,0.033,0.06,0.043,0.011,0.077,0.036,0.034,0.034,0.035,0.002,0.03,0.01,0.02,0.032,0.024,0.003,0.001,0.002,0.004,0.009,0.01,0.005,0.003,0.003,0.003,0.005,0.003,0.001,0.001,0.003
rs2251396,0.019,0.011,0.001,0.005,0.005,0.025,0.006,0.231,0,0.315,0.01,0.053,0.008,0.015,1,0.062,0.017,0.312,0.293,0.027,0.123,0.186,0.06,0.001,0.005,0.01,0,0.145,0.007,0.052,0.043,0.043,0.004,0.007,0.191,0.033,0.003,0.013,0.019,0.063,0.001,0.003,0.002,0.009,0.013,0.004,0.003,0.003,0.001,0.001,0.034,0.002,0.007,0
rs9501130,0,0.003,0,0.006,0.029,0.006,0.004,0.031,0.003,0.023,0.106,0.056,0.138,0.001,0.062,1,0.002,0.021,0.021,0.013,0.013,0.022,0.052,0.019,0.012,0.006,0,0.009,0,0.002,0.002,0.002,0,0.045,0.006,0,0.016,0.044,0.009,0.022,0.003,0.002,0,0.001,0.002,0.007,0,0,0,0.002,0.005,0.053,0.001,0.001
rs3093664,0.032,0.021,0,0.001,0.002,0,0.004,0.01,0.001,0.016,0.013,0.041,0.004,0.009,0.017,0.002,1,0.024,0.015,0.025,0.034,0.014,0.005,0,0.014,0.023,0.006,0,0.021,0.02,0.021,0.021,0.027,0.008,0.002,0.015,0.003,0.026,0,0,0.006,0.014,0.012,0.002,0.002,0.001,0.033,0.033,0.032,0.002,0.009,0.001,0.003,0.016
rs2857595,0.005,0,0.001,0.014,0.003,0.003,0.005,0.288,0,0.499,0.006,0.101,0.005,0.023,0.312,0.021,0.024,1,0.536,0.02,0.257,0.288,0.043,0.007,0.014,0.034,0.004,0.226,0.013,0.094,0.078,0.078,0.043,0.011,0.326,0.001,0.002,0.046,0.006,0.067,0.024,0.002,0,0.001,0.001,0,0.001,0.001,0.001,0.006,0.024,0.007,0.004,0
rs1270942,0.018,0.003,0.003,0.064,0.002,0.036,0.01,0.507,0.007,0.82,0.004,0.132,0.003,0.023,0.293,0.021,0.015,0.536,1,0.029,0.418,0.591,0.026,0.004,0.06,0.061,0.034,0.378,0.023,0.194,0.164,0.164,0.105,0.022,0.652,0.011,0.041,0.142,0.04,0.07,0.024,0.001,0,0.002,0.002,0.001,0.002,0.002,0.002,0.02,0.001,0.001,0.002,0.002
rs3134938,0.003,0.001,0.002,0.001,0.001,0.001,0.001,0.008,0,0.017,0.016,0.009,0,0.002,0.027,0.013,0.025,0.02,0.029,1,0.069,0.001,0.026,0.011,0.034,0,0.004,0,0.002,0.088,0.085,0.085,0.005,0.044,0.024,0.006,0.063,0.001,0,0.055,0,0.003,0.003,0,0,0,0,0,0,0.019,0.003,0,0.01,0
rs926592,0,0.001,0.013,0.015,0.004,0.046,0.011,0.21,0.017,0.33,0.008,0.039,0.007,0.055,0.123,0.013,0.034,0.257,0.418,0.069,1,0.324,0.063,0.035,0.043,0.016,0.034,0.199,0.01,0.226,0.206,0.206,0.114,0.053,0.438,0.025,0.037,0.044,0.02,0.063,0.014,0.006,0.001,0.002,0.003,0.002,0.016,0.016,0.015,0.017,0.002,0,0.006,0.002
rs1980493,0,0.001,0.002,0.018,0.003,0.035,0.006,0.323,0.002,0.551,0.006,0.09,0.005,0.013,0.186,0.022,0.014,0.288,0.591,0.001,0.324,1,0.044,0.007,0.101,0.104,0.054,0.287,0,0.128,0.11,0.11,0.049,0.037,0.557,0.018,0.07,0.11,0.007,0.044,0.012,0.002,0.001,0.006,0.005,0.005,0.021,0.021,0.02,0.025,0,0.003,0.002,0.004
rs3135365,0.01,0.008,0.002,0.001,0.002,0,0.007,0.039,0.007,0.028,0,0.085,0.007,0.108,0.06,0.052,0.005,0.043,0.026,0.026,0.063,0.044,1,0.01,0.149,0.001,0.049,0.07,0.062,0.113,0.111,0.111,0.008,0.054,0.035,0.026,0.011,0.106,0.113,0.1,0.001,0.003,0,0.012,0.014,0.001,0.001,0.001,0.001,0,0.001,0.003,0,0.001
rs9268576,0.02,0,0,0.003,0.001,0.012,0.004,0,0.003,0.004,0.001,0,0.001,0,0.001,0.019,0,0.007,0.004,0.011,0.035,0.007,0.01,1,0.069,0.024,0.005,0.03,0.016,0,0,0,0.004,0.009,0.01,0.004,0.016,0.006,0.001,0.032,0.008,0,0.012,0.005,0.005,0.011,0.016,0.016,0.016,0.001,0.003,0.001,0.001,0.008
rs9268645,0.02,0.009,0.014,0.009,0,0.018,0,0.009,0.004,0.064,0.003,0.005,0.003,0.033,0.005,0.012,0.014,0.014,0.06,0.034,0.043,0.101,0.149,0.069,1,0.221,0.152,0,0.142,0.033,0.037,0.037,0.003,0.134,0.032,0.07,0.039,0.015,0,0.043,0.005,0.001,0.008,0.005,0.007,0.004,0.007,0.007,0.008,0.036,0.006,0.017,0.001,0
rs9268853,0.007,0.017,0.023,0.001,0,0.006,0.006,0.028,0.013,0.065,0.006,0.049,0.004,0.06,0.01,0.006,0.023,0.034,0.061,0,0.016,0.104,0.001,0.024,0.221,1,0.265,0.121,0.38,0.12,0.128,0.128,0.256,0.151,0.082,0.067,0.058,0.063,0,0.001,0.006,0.001,0.002,0.01,0.007,0.002,0,0,0,0.003,0.012,0.014,0.013,0
rs138748427,0,0.002,0.012,0.001,0.001,0.012,0.001,0.018,0.005,0.038,0.012,0.012,0,0.043,0,0,0.006,0.004,0.034,0.004,0.034,0.054,0.049,0.005,0.152,0.265,1,0.046,0.116,0.015,0.018,0.018,0.041,0.033,0.043,0.025,0.029,0.025,0.008,0.004,0.002,0,0,0.004,0.002,0.003,0.009,0.009,0.011,0.01,0.002,0.001,0.019,0
rs7760731,0.001,0.002,0,0.019,0.005,0.018,0.005,0.22,0.007,0.348,0.003,0.058,0.008,0.011,0.145,0.009,0,0.226,0.378,0,0.199,0.287,0.07,0.03,0,0.121,0.046,1,0.072,0.102,0.089,0.089,0.025,0.058,0.504,0,0,0.041,0.037,0.085,0.007,0.005,0.008,0.012,0.01,0.02,0.007,0.007,0.012,0,0.002,0.003,0,0.017
rs9272346,0.003,0.001,0.005,0.013,0,0.009,0,0.008,0.009,0.015,0.001,0.001,0.005,0.077,0.007,0,0.021,0.013,0.023,0.002,0.01,0,0.062,0.016,0.142,0.38,0.116,0.072,1,0.207,0.2,0.2,0.385,0.125,0.029,0.071,0.09,0,0.05,0.041,0.011,0.008,0.001,0,0,0.001,0.011,0.011,0.013,0.003,0.004,0.004,0.011,0
rs9273363,0.008,0.016,0,0.002,0,0.013,0.015,0.092,0.007,0.142,0.003,0.023,0.002,0.036,0.052,0.002,0.02,0.094,0.194,0.088,0.226,0.128,0.113,0,0.033,0.12,0.015,0.102,0.207,1,0.974,0.974,0.567,0.225,0.27,0.046,0.156,0.027,0.022,0.108,0.006,0.002,0,0.001,0,0.003,0.007,0.007,0.006,0,0.001,0,0.01,0.002
rs9273367,0.01,0.019,0,0.001,0,0.011,0.014,0.075,0.006,0.118,0.003,0.018,0.001,0.034,0.043,0.002,0.021,0.078,0.164,0.085,0.206,0.11,0.111,0,0.037,0.128,0.018,0.089,0.2,0.974,1,1,0.552,0.232,0.24,0.045,0.152,0.022,0.02,0.1,0.003,0.002,0,0.002,0.001,0.003,0.009,0.009,0.008,0,0,0,0.01,0.002
rs9273368,0.01,0.019,0,0.001,0,0.011,0.014,0.075,0.006,0.118,0.003,0.018,0.001,0.034,0.043,0.002,0.021,0.078,0.164,0.085,0.206,0.11,0.111,0,0.037,0.128,0.018,0.089,0.2,0.974,1,1,0.552,0.232,0.24,0.045,0.152,0.022,0.02,0.1,0.003,0.002,0,0.002,0.001,0.003,0.009,0.009,0.008,0,0,0,0.01,0.002
rs1770,0.003,0.013,0.014,0.026,0.004,0.001,0.002,0.032,0,0.069,0.001,0.002,0.036,0.035,0.004,0,0.027,0.043,0.105,0.005,0.114,0.049,0.008,0.004,0.003,0.256,0.041,0.025,0.385,0.567,0.552,0.552,1,0.272,0.148,0.081,0.014,0.012,0.017,0.037,0.038,0,0,0.001,0,0,0.001,0.001,0.001,0.001,0,0.001,0.018,0
rs9275358,0.012,0.01,0.002,0.001,0.028,0.014,0.004,0.009,0.028,0.023,0.025,0.002,0.132,0.002,0.007,0.045,0.008,0.011,0.022,0.044,0.053,0.037,0.054,0.009,0.134,0.151,0.033,0.058,0.125,0.225,0.232,0.232,0.272,1,0.029,0.022,0.085,0.006,0.011,0.011,0.019,0.002,0.004,0.015,0.014,0.001,0.002,0.002,0.003,0.003,0.001,0,0.005,0.01
rs2647044,0.005,0.001,0.002,0.034,0.002,0.042,0.013,0.306,0.01,0.524,0.005,0.106,0.004,0.03,0.191,0.006,0.002,0.326,0.652,0.024,0.438,0.557,0.035,0.01,0.032,0.082,0.043,0.504,0.029,0.27,0.24,0.24,0.148,0.029,1,0.014,0.055,0.148,0.042,0.112,0.033,0.002,0.004,0.001,0.001,0.012,0.01,0.01,0.009,0.009,0,0,0.003,0.006
rs35122968,0.004,0.003,0.001,0.001,0.002,0.006,0.01,0.002,0.007,0.002,0.004,0.01,0.003,0.01,0.033,0,0.015,0.001,0.011,0.006,0.025,0.018,0.026,0.004,0.07,0.067,0.025,0,0.071,0.046,0.045,0.045,0.081,0.022,0.014,1,0.146,0.011,0.007,0.001,0.015,0.001,0,0.001,0,0.001,0,0,0.002,0.001,0.02,0.001,0.002,0.002
rs3997848,0,0.008,0.001,0,0.007,0.06,0,0.011,0.014,0.028,0,0.025,0.011,0.02,0.003,0.016,0.003,0.002,0.041,0.063,0.037,0.07,0.011,0.016,0.039,0.058,0.029,0,0.09,0.156,0.152,0.152,0.014,0.085,0.055,0.146,1,0.056,0,0,0.008,0.004,0.002,0.002,0.001,0.001,0.008,0.008,0.005,0.001,0.013,0.024,0,0.001
rs1015166,0.029,0.005,0,0.005,0.009,0.023,0.003,0.06,0,0.126,0.004,0.178,0.009,0.032,0.013,0.044,0.026,0.046,0.142,0.001,0.044,0.11,0.106,0.006,0.015,0.063,0.025,0.041,0,0.027,0.022,0.022,0.012,0.006,0.148,0.011,0.056,1,0.161,0.005,0.034,0.001,0.012,0.015,0.014,0.012,0.012,0.012,0.01,0.007,0.004,0.004,0.003,0.003
rs241427,0,0,0.001,0.001,0,0.001,0.005,0.036,0.004,0.043,0.005,0.084,0.016,0.024,0.019,0.009,0,0.006,0.04,0,0.02,0.007,0.113,0.001,0,0,0.008,0.037,0.05,0.022,0.02,0.02,0.017,0.011,0.042,0.007,0,0.161,1,0.108,0.01,0.006,0.002,0.002,0.003,0.001,0,0,0.001,0.001,0,0.004,0.012,0.001
rs4148870,0,0,0.003,0.013,0.004,0.009,0,0.027,0.008,0.059,0.024,0.036,0.039,0.003,0.063,0.022,0,0.067,0.07,0.055,0.063,0.044,0.1,0.032,0.043,0.001,0.004,0.085,0.041,0.108,0.1,0.1,0.037,0.011,0.112,0.001,0,0.005,0.108,1,0.002,0,0.013,0.013,0.01,0.016,0,0,0,0.001,0,0,0.001,0.001
rs3128930,0,0.001,0.004,0.008,0.007,0.003,0.009,0.002,0.029,0.01,0.003,0.007,0.007,0.001,0.001,0.003,0.006,0.024,0.024,0,0.014,0.012,0.001,0.008,0.005,0.006,0.002,0.007,0.011,0.006,0.003,0.003,0.038,0.019,0.033,0.015,0.008,0.034,0.01,0.002,1,0.006,0.001,0.005,0.004,0,0.007,0.007,0.008,0,0,0.001,0.001,0.008
rs78824139,0.011,0.009,0.001,0.009,0,0.008,0.024,0.002,0.001,0.001,0,0.001,0,0.002,0.003,0.002,0.014,0.002,0.001,0.003,0.006,0.002,0.003,0,0.001,0.001,0,0.005,0.008,0.002,0.002,0.002,0,0.002,0.002,0.001,0.004,0.001,0.006,0,0.006,1,0,0,0,0.005,0,0,0,0.007,0.008,0,0,0.002
rs17711850,0.012,0.001,0.001,0,0.021,0.002,0.023,0.003,0.001,0.001,0,0,0.003,0.004,0.002,0,0.012,0,0,0.003,0.001,0.001,0,0.012,0.008,0.002,0,0.008,0.001,0,0,0,0,0.004,0.004,0,0.002,0.012,0.002,0.013,0.001,0,1,0.548,0.562,0.34,0.002,0.002,0.001,0.007,0.003,0,0,0.007
rs3757247,0,0.007,0.001,0.003,0.014,0.007,0.029,0.016,0.001,0.004,0,0.001,0,0.009,0.009,0.001,0.002,0.001,0.002,0,0.002,0.006,0.012,0.005,0.005,0.01,0.004,0.012,0,0.001,0.002,0.002,0.001,0.015,0.001,0.001,0.002,0.015,0.002,0.013,0.005,0,0.548,1,0.978,0.234,0,0,0,0.003,0.012,0.002,0.004,0.006
rs11755527,0,0.005,0,0.004,0.015,0.01,0.03,0.015,0.001,0.003,0,0,0.001,0.01,0.013,0.002,0.002,0.001,0.002,0,0.003,0.005,0.014,0.005,0.007,0.007,0.002,0.01,0,0,0.001,0.001,0,0.014,0.001,0,0.001,0.014,0.003,0.01,0.004,0,0.562,0.978,1,0.239,0,0,0,0.004,0.01,0.001,0.004,0.005
rs72928038,0,0.014,0.001,0.001,0.001,0.003,0.015,0.002,0.001,0.001,0,0.004,0.006,0.005,0.004,0.007,0.001,0,0.001,0,0.002,0.005,0.001,0.011,0.004,0.002,0.003,0.02,0.001,0.003,0.003,0.003,0,0.001,0.012,0.001,0.001,0.012,0.001,0.016,0,0.005,0.34,0.234,0.239,1,0,0,0,0.005,0.001,0.011,0,0.009
rs9388489,0.002,0,0.004,0.002,0.003,0.017,0,0,0.013,0.001,0,0,0,0.003,0.003,0,0.033,0.001,0.002,0,0.016,0.021,0.001,0.016,0.007,0,0.009,0.007,0.011,0.007,0.009,0.009,0.001,0.002,0.01,0,0.008,0.012,0,0,0.007,0,0.002,0,0,0,1,1,0.978,0,0.015,0,0,0
rs1578060,0.002,0,0.004,0.002,0.003,0.017,0,0,0.013,0.001,0,0,0,0.003,0.003,0,0.033,0.001,0.002,0,0.016,0.021,0.001,0.016,0.007,0,0.009,0.007,0.011,0.007,0.009,0.009,0.001,0.002,0.01,0,0.008,0.012,0,0,0.007,0,0.002,0,0,0,1,1,0.978,0,0.015,0,0,0
rs1538171,0.003,0,0.003,0.001,0.003,0.019,0,0.001,0.012,0.004,0,0.001,0,0.003,0.001,0,0.032,0.001,0.002,0,0.015,0.02,0.001,0.016,0.008,0,0.011,0.012,0.013,0.006,0.008,0.008,0.001,0.003,0.009,0.002,0.005,0.01,0.001,0,0.008,0,0.001,0,0,0,0.978,0.978,1,0,0.018,0,0,0
rs12665429,0,0.004,0.023,0,0,0.012,0.006,0.018,0.005,0.04,0,0.039,0,0.005,0.001,0.002,0.002,0.006,0.02,0.019,0.017,0.025,0,0.001,0.036,0.003,0.01,0,0.003,0,0,0,0.001,0.003,0.009,0.001,0.001,0.007,0.001,0.001,0,0.007,0.007,0.003,0.004,0.005,0,0,0,1,0.012,0.007,0.001,0.002
rs212408,0.001,0.002,0.029,0.002,0.001,0.014,0.001,0.015,0.007,0,0.001,0,0.003,0.003,0.034,0.005,0.009,0.024,0.001,0.003,0.002,0,0.001,0.003,0.006,0.012,0.002,0.002,0.004,0.001,0,0,0,0.001,0,0.02,0.013,0.004,0,0,0,0.008,0.003,0.012,0.01,0.001,0.015,0.015,0.018,0.012,1,0.002,0.003,0
rs9356171,0.002,0.002,0.001,0,0.002,0,0.007,0.011,0.003,0,0.004,0.001,0.011,0.001,0.002,0.053,0.001,0.007,0.001,0,0,0.003,0.003,0.001,0.017,0.014,0.001,0.003,0.004,0,0,0,0.001,0,0,0.001,0.024,0.004,0.004,0,0.001,0,0,0.002,0.001,0.011,0,0,0,0.007,0.002,1,0,0.004
rs73043122,0.006,0.008,0.002,0.003,0,0.002,0.002,0.003,0.002,0.002,0.033,0.002,0.001,0.001,0.007,0.001,0.003,0.004,0.002,0.01,0.006,0.002,0,0.001,0.001,0.013,0.019,0,0.011,0.01,0.01,0.01,0.018,0.005,0.003,0.002,0,0.003,0.012,0.001,0.001,0,0,0.004,0.004,0,0,0,0,0.001,0.003,0,1,0.005
rs924043,0.002,0,0,0,0.003,0.005,0.004,0.018,0,0.01,0,0,0.011,0.003,0,0.001,0.016,0,0.002,0,0.002,0.004,0.001,0.008,0,0,0,0.017,0,0.002,0.002,0.002,0,0.01,0.006,0.002,0.001,0.003,0.001,0.001,0.008,0.002,0.007,0.006,0.005,0.009,0,0,0,0.002,0,0.004,0.005,1
