RS_number,rs1050979,rs9405661,rs12203596,rs4320356,rs2471863,rs34941730,rs2523989,rs45626136,rs886424,rs116020851,rs1265057,rs9264758,rs2251396,rs9501130,rs3093664,rs2857595,rs3134938,rs926592,rs1980493,rs3135365,rs9268576,rs9268645,rs9268853,rs138748427,rs7760731,rs9272346,rs9273363,rs9273367,rs9273368,rs1770,rs9275358,rs2647044,rs35122968,rs3997848,rs1015166,rs241427,rs4148870,rs3128930,rs3757247,rs11755527,rs9388489,rs1578060,rs1538171,rs12665429,rs212408,rs9356171,rs73043122,rs924043
rs1050979,1,0.835,0.003,0,0.002,0.001,0.005,0.006,0.004,0.005,0.014,0.031,0.002,0.006,0.005,0.004,0,0.007,0.001,0,0,0,0.005,0.003,0,0,0.017,0.015,0.017,0.004,0.012,0,0.002,0.018,0.002,0.003,0.017,0,0.007,0.019,0.003,0.003,0.003,0.015,0.011,0.009,0.002,0.001
rs9405661,0.835,1,0.003,0.001,0.006,0.009,0.004,0.006,0.003,0.004,0.007,0.024,0,0.004,0.004,0.009,0.001,0.002,0.001,0.002,0,0.001,0.003,0.002,0,0,0.009,0.007,0.009,0.001,0.007,0.001,0.003,0.016,0.002,0.005,0.01,0.001,0.002,0.011,0.003,0.003,0.003,0.016,0.02,0.004,0,0.004
rs12203596,0.003,0.003,1,0.002,0.001,0.001,0.004,0.003,0.001,0.001,0,0,0,0.028,0.003,0,0,0.002,0.006,0.011,0.007,0.001,0.002,0,0,0.002,0,0,0,0,0.001,0.01,0,0,0,0.004,0,0.009,0.006,0.001,0.001,0.001,0.001,0.001,0.004,0.002,0,0.009
rs4320356,0,0.001,0.002,1,0.029,0.018,0.003,0.001,0.002,0.009,0.01,0,0.012,0.016,0.004,0.007,0.007,0.007,0,0.004,0.029,0.002,0.015,0,0,0.008,0.002,0.004,0.002,0,0.01,0.065,0,0.009,0.009,0.013,0,0.005,0.001,0.003,0.002,0.002,0.002,0.001,0.001,0.036,0.003,0
rs2471863,0.002,0.006,0.001,0.029,1,0.001,0.001,0.002,0.018,0.005,0.006,0,0.009,0.002,0.001,0.001,0.012,0.003,0.001,0,0.013,0,0.001,0,0.001,0.001,0.003,0.002,0.003,0.004,0.002,0.019,0.013,0.002,0.011,0,0,0.005,0.001,0,0.018,0.018,0.018,0.005,0.011,0.005,0.003,0.017
rs34941730,0.001,0.009,0.001,0.018,0.001,1,0.012,0.01,0.002,0.002,0.001,0.001,0.001,0.014,0,0.003,0.002,0.002,0.016,0.001,0.003,0.013,0.003,0.007,0.003,0.003,0.007,0.012,0.007,0.001,0.012,0.004,0,0.001,0.003,0.002,0.007,0.001,0.002,0.007,0.002,0.002,0.002,0.001,0.006,0.01,0.012,0.005
rs2523989,0.005,0.004,0.004,0.003,0.001,0.012,1,0.004,0.001,0.003,0.003,0.001,0.001,0.005,0.007,0.006,0,0.001,0.004,0.001,0.006,0.009,0.004,0.003,0,0,0,0.002,0,0,0,0.003,0,0.008,0.007,0.003,0.002,0.001,0.002,0.006,0.001,0.001,0.001,0.003,0.002,0.001,0,0.001
rs45626136,0.006,0.006,0.003,0.001,0.002,0.01,0.004,1,0,0.004,0.008,0,0,0.011,0.002,0,0.004,0.008,0.003,0,0.001,0.017,0.001,0.016,0.002,0,0.002,0.001,0.002,0.004,0.017,0.002,0.005,0.004,0.001,0,0.006,0.027,0,0,0,0,0,0,0,0.009,0.005,0.002
rs886424,0.004,0.003,0.001,0.002,0.018,0.002,0.001,0,1,0.001,0.004,0.003,0.003,0.003,0,0.009,0.001,0.002,0.001,0.002,0.002,0.007,0.017,0.011,0.005,0.007,0.001,0.001,0.001,0.014,0.006,0.001,0.001,0.004,0.003,0.001,0,0.002,0.01,0.007,0,0,0,0.002,0.001,0.002,0.019,0.005
rs116020851,0.005,0.004,0.001,0.009,0.005,0.002,0.003,0.004,0.001,1,0,0.005,0.007,0.005,0.002,0.022,0.005,0.001,0.004,0.001,0.002,0.009,0.004,0,0.008,0.003,0.006,0.003,0.006,0.001,0,0.003,0,0.008,0.001,0.003,0.008,0.001,0.009,0.015,0.001,0.001,0.001,0.004,0.008,0.007,0,0.001
rs1265057,0.014,0.007,0,0.01,0.006,0.001,0.003,0.008,0.004,0,1,0,0.169,0.017,0,0.035,0.002,0.002,0.003,0.03,0.006,0.038,0.028,0.008,0.024,0.016,0.014,0.024,0.014,0.008,0,0.006,0.007,0.01,0.007,0,0.008,0,0,0.003,0.004,0.004,0.004,0.003,0.002,0.006,0.002,0.01
rs9264758,0.031,0.024,0,0,0,0.001,0.001,0,0.003,0.005,0,1,0.03,0.008,0.008,0.071,0.007,0,0.003,0.014,0.003,0.006,0.062,0.009,0.01,0.024,0.051,0.032,0.051,0.079,0,0.002,0.053,0.004,0.002,0,0.004,0.002,0.004,0.004,0.003,0.003,0.003,0.004,0,0,0,0.001
rs2251396,0.002,0,0,0.012,0.009,0.001,0.001,0,0.003,0.007,0.169,0.03,1,0.111,0,0.169,0.01,0.004,0.001,0.006,0.001,0.025,0.003,0,0.056,0.023,0.017,0.033,0.017,0.001,0.004,0.003,0,0.002,0.011,0,0.02,0.01,0,0,0.003,0.003,0.003,0,0.01,0.017,0.006,0
rs9501130,0.006,0.004,0.028,0.016,0.002,0.014,0.005,0.011,0.003,0.005,0.017,0.008,0.111,1,0.002,0.005,0.002,0.007,0.028,0.015,0.03,0.02,0.002,0.003,0.007,0.001,0.031,0.02,0.031,0.011,0.004,0.089,0.004,0.021,0,0.002,0,0.001,0,0.001,0.004,0.004,0.004,0.012,0,0.003,0.01,0.008
rs3093664,0.005,0.004,0.003,0.004,0.001,0,0.007,0.002,0,0.002,0,0.008,0,0.002,1,0.008,0.002,0,0.026,0.006,0.003,0.004,0.007,0.016,0.002,0,0.006,0.002,0.006,0.011,0.001,0.002,0.005,0.002,0,0,0.014,0.019,0.001,0,0,0,0,0.002,0.005,0,0.001,0
rs2857595,0.004,0.009,0,0.007,0.001,0.003,0.006,0,0.009,0.022,0.035,0.071,0.169,0.005,0.008,1,0.045,0.001,0.009,0.022,0.004,0.029,0,0,0.148,0.031,0.061,0.082,0.061,0.008,0,0.033,0,0.007,0.002,0.007,0.025,0.004,0,0,0.009,0.009,0.009,0.002,0.006,0.004,0.011,0
rs3134938,0,0.001,0,0.007,0.012,0.002,0,0.004,0.001,0.005,0.002,0.007,0.01,0.002,0.002,0.045,1,0.016,0,0.005,0.002,0.001,0.004,0.004,0.001,0,0,0.003,0,0,0.004,0.006,0.003,0.002,0,0.003,0.001,0.001,0,0.002,0.001,0.001,0.001,0.001,0,0,0.009,0.01
rs926592,0.007,0.002,0.002,0.007,0.003,0.002,0.001,0.008,0.002,0.001,0.002,0,0.004,0.007,0,0.001,0.016,1,0.024,0.023,0.078,0.015,0.055,0.088,0.039,0.074,0.047,0.038,0.047,0.075,0.012,0.011,0.005,0.015,0.015,0.007,0.055,0.005,0.005,0.005,0.009,0.009,0.009,0,0.001,0.001,0,0.018
rs1980493,0.001,0.001,0.006,0,0.001,0.016,0.004,0.003,0.001,0.004,0.003,0.003,0.001,0.028,0.026,0.009,0,0.024,1,0.011,0.015,0.082,0.042,0.011,0,0.025,0.038,0.046,0.038,0.052,0.018,0.005,0.001,0,0.004,0.021,0.063,0.002,0,0,0.001,0.001,0.001,0.004,0,0.002,0.007,0.001
rs3135365,0,0.002,0.011,0.004,0,0.001,0.001,0,0.002,0.001,0.03,0.014,0.006,0.015,0.006,0.022,0.005,0.023,0.011,1,0.032,0.228,0.073,0.146,0.073,0.189,0.081,0.1,0.081,0.094,0.039,0.01,0,0.014,0.003,0.008,0.006,0.003,0.012,0.004,0.011,0.011,0.011,0,0.003,0.009,0,0
rs9268576,0,0,0.007,0.029,0.013,0.003,0.006,0.001,0.002,0.002,0.006,0.003,0.001,0.03,0.003,0.004,0.002,0.078,0.015,0.032,1,0.141,0.117,0.052,0.027,0.007,0,0,0,0.005,0.026,0.302,0.015,0.025,0.014,0.04,0,0.003,0.009,0.016,0.002,0.002,0.002,0,0.003,0,0.015,0.021
rs9268645,0,0.001,0.001,0.002,0,0.013,0.009,0.017,0.007,0.009,0.038,0.006,0.025,0.02,0.004,0.029,0.001,0.015,0.082,0.228,0.141,1,0.078,0.027,0.123,0.084,0.058,0.038,0.058,0.104,0.011,0.043,0.032,0.011,0,0.012,0.004,0.002,0.012,0.011,0.014,0.014,0.014,0.011,0.001,0.004,0.009,0.002
rs9268853,0.005,0.003,0.002,0.015,0.001,0.003,0.004,0.001,0.017,0.004,0.028,0.062,0.003,0.002,0.007,0,0.004,0.055,0.042,0.073,0.117,0.078,1,0.254,0.013,0.419,0.451,0.357,0.451,0.693,0.165,0.035,0.045,0.076,0.021,0.03,0.004,0.007,0.003,0.001,0.001,0.001,0.001,0.001,0.001,0.001,0.001,0.008
rs138748427,0.003,0.002,0,0,0,0.007,0.003,0.016,0.011,0,0.008,0.009,0,0.003,0.016,0,0.004,0.088,0.011,0.146,0.052,0.027,0.254,1,0.015,0.201,0.158,0.137,0.158,0.236,0.076,0,0,0.042,0.006,0,0.031,0.002,0.001,0.001,0,0,0,0.009,0.001,0.001,0.017,0.002
rs7760731,0,0,0,0,0.001,0.003,0,0.002,0.005,0.008,0.024,0.01,0.056,0.007,0.002,0.148,0.001,0.039,0,0.073,0.027,0.123,0.013,0.015,1,0.29,0.156,0.114,0.156,0.074,0.068,0.134,0.033,0,0.002,0.012,0.028,0.002,0.004,0.004,0.005,0.005,0.005,0.005,0.002,0.005,0.005,0
rs9272346,0,0,0.002,0.008,0.001,0.003,0,0,0.007,0.003,0.016,0.024,0.023,0.001,0,0.031,0,0.074,0.025,0.189,0.007,0.084,0.419,0.201,0.29,1,0.351,0.411,0.351,0.495,0.161,0.029,0.091,0.021,0.057,0.004,0.003,0.001,0.001,0.002,0,0,0,0,0.002,0.017,0.005,0
rs9273363,0.017,0.009,0,0.002,0.003,0.007,0,0.002,0.001,0.006,0.014,0.051,0.017,0.031,0.006,0.061,0,0.047,0.038,0.081,0,0.058,0.451,0.158,0.156,0.351,1,0.811,1,0.718,0.15,0.12,0.068,0.006,0.005,0.006,0.002,0.002,0.005,0,0.001,0.001,0.001,0.002,0,0,0.003,0.006
rs9273367,0.015,0.007,0,0.004,0.002,0.012,0.002,0.001,0.001,0.003,0.024,0.032,0.033,0.02,0.002,0.082,0.003,0.038,0.046,0.1,0,0.038,0.357,0.137,0.114,0.411,0.811,1,0.811,0.547,0.331,0.097,0.084,0.018,0.011,0.005,0,0.004,0.001,0.001,0.001,0.001,0.001,0,0.002,0.001,0.003,0.01
rs9273368,0.017,0.009,0,0.002,0.003,0.007,0,0.002,0.001,0.006,0.014,0.051,0.017,0.031,0.006,0.061,0,0.047,0.038,0.081,0,0.058,0.451,0.158,0.156,0.351,1,0.811,1,0.718,0.15,0.12,0.068,0.006,0.005,0.006,0.002,0.002,0.005,0,0.001,0.001,0.001,0.002,0,0,0.003,0.006
rs1770,0.004,0.001,0,0,0.004,0.001,0,0.004,0.014,0.001,0.008,0.079,0.001,0.011,0.011,0.008,0,0.075,0.052,0.094,0.005,0.104,0.693,0.236,0.074,0.495,0.718,0.547,0.718,1,0.117,0.086,0.095,0.034,0.026,0.025,0.013,0.001,0.008,0.001,0,0,0,0,0.003,0,0.011,0.003
rs9275358,0.012,0.007,0.001,0.01,0.002,0.012,0,0.017,0.006,0,0,0,0.004,0.004,0.001,0,0.004,0.012,0.018,0.039,0.026,0.011,0.165,0.076,0.068,0.161,0.15,0.331,0.15,0.117,1,0.015,0.033,0.061,0.016,0.006,0.035,0.002,0,0,0.006,0.006,0.006,0.003,0.007,0.002,0.006,0
rs2647044,0,0.001,0.01,0.065,0.019,0.004,0.003,0.002,0.001,0.003,0.006,0.002,0.003,0.089,0.002,0.033,0.006,0.011,0.005,0.01,0.302,0.043,0.035,0,0.134,0.029,0.12,0.097,0.12,0.086,0.015,1,0.008,0.019,0.01,0.007,0.006,0.003,0.002,0.001,0.001,0.001,0.001,0.001,0.001,0,0.018,0
rs35122968,0.002,0.003,0,0,0.013,0,0,0.005,0.001,0,0.007,0.053,0,0.004,0.005,0,0.003,0.005,0.001,0,0.015,0.032,0.045,0,0.033,0.091,0.068,0.084,0.068,0.095,0.033,0.008,1,0.003,0.14,0.023,0.021,0.001,0.016,0.012,0.014,0.014,0.014,0,0,0.001,0.013,0.017
rs3997848,0.018,0.016,0,0.009,0.002,0.001,0.008,0.004,0.004,0.008,0.01,0.004,0.002,0.021,0.002,0.007,0.002,0.015,0,0.014,0.025,0.011,0.076,0.042,0,0.021,0.006,0.018,0.006,0.034,0.061,0.019,0.003,1,0.074,0.008,0.012,0,0,0,0.003,0.003,0.003,0.003,0.016,0.003,0.033,0.001
rs1015166,0.002,0.002,0,0.009,0.011,0.003,0.007,0.001,0.003,0.001,0.007,0.002,0.011,0,0,0.002,0,0.015,0.004,0.003,0.014,0,0.021,0.006,0.002,0.057,0.005,0.011,0.005,0.026,0.016,0.01,0.14,0.074,1,0.014,0,0,0.002,0.001,0.003,0.003,0.003,0.003,0.009,0.002,0.001,0.025
rs241427,0.003,0.005,0.004,0.013,0,0.002,0.003,0,0.001,0.003,0,0,0,0.002,0,0.007,0.003,0.007,0.021,0.008,0.04,0.012,0.03,0,0.012,0.004,0.006,0.005,0.006,0.025,0.006,0.007,0.023,0.008,0.014,1,0.041,0.005,0.001,0.001,0.001,0.001,0.001,0.002,0,0,0.002,0.005
rs4148870,0.017,0.01,0,0,0,0.007,0.002,0.006,0,0.008,0.008,0.004,0.02,0,0.014,0.025,0.001,0.055,0.063,0.006,0,0.004,0.004,0.031,0.028,0.003,0.002,0,0.002,0.013,0.035,0.006,0.021,0.012,0,0.041,1,0.043,0.01,0.001,0.007,0.007,0.007,0.012,0.003,0.005,0.002,0
rs3128930,0,0.001,0.009,0.005,0.005,0.001,0.001,0.027,0.002,0.001,0,0.002,0.01,0.001,0.019,0.004,0.001,0.005,0.002,0.003,0.003,0.002,0.007,0.002,0.002,0.001,0.002,0.004,0.002,0.001,0.002,0.003,0.001,0,0,0.005,0.043,1,0,0,0.002,0.002,0.002,0.001,0.004,0.002,0.002,0.001
rs3757247,0.007,0.002,0.006,0.001,0.001,0.002,0.002,0,0.01,0.009,0,0.004,0,0,0.001,0,0,0.005,0,0.012,0.009,0.012,0.003,0.001,0.004,0.001,0.005,0.001,0.005,0.008,0,0.002,0.016,0,0.002,0.001,0.01,0,1,0.776,0.01,0.01,0.01,0.011,0.002,0.002,0.013,0
rs11755527,0.019,0.011,0.001,0.003,0,0.007,0.006,0,0.007,0.015,0.003,0.004,0,0.001,0,0,0.002,0.005,0,0.004,0.016,0.011,0.001,0.001,0.004,0.002,0,0.001,0,0.001,0,0.001,0.012,0,0.001,0.001,0.001,0,0.776,1,0.013,0.013,0.013,0.009,0.002,0.002,0.012,0
rs9388489,0.003,0.003,0.001,0.002,0.018,0.002,0.001,0,0,0.001,0.004,0.003,0.003,0.004,0,0.009,0.001,0.009,0.001,0.011,0.002,0.014,0.001,0,0.005,0,0.001,0.001,0.001,0,0.006,0.001,0.014,0.003,0.003,0.001,0.007,0.002,0.01,0.013,1,1,1,0.006,0.012,0.002,0.001,0.001
rs1578060,0.003,0.003,0.001,0.002,0.018,0.002,0.001,0,0,0.001,0.004,0.003,0.003,0.004,0,0.009,0.001,0.009,0.001,0.011,0.002,0.014,0.001,0,0.005,0,0.001,0.001,0.001,0,0.006,0.001,0.014,0.003,0.003,0.001,0.007,0.002,0.01,0.013,1,1,1,0.006,0.012,0.002,0.001,0.001
rs1538171,0.003,0.003,0.001,0.002,0.018,0.002,0.001,0,0,0.001,0.004,0.003,0.003,0.004,0,0.009,0.001,0.009,0.001,0.011,0.002,0.014,0.001,0,0.005,0,0.001,0.001,0.001,0,0.006,0.001,0.014,0.003,0.003,0.001,0.007,0.002,0.01,0.013,1,1,1,0.006,0.012,0.002,0.001,0.001
rs12665429,0.015,0.016,0.001,0.001,0.005,0.001,0.003,0,0.002,0.004,0.003,0.004,0,0.012,0.002,0.002,0.001,0,0.004,0,0,0.011,0.001,0.009,0.005,0,0.002,0,0.002,0,0.003,0.001,0,0.003,0.003,0.002,0.012,0.001,0.011,0.009,0.006,0.006,0.006,1,0.001,0.001,0.011,0
rs212408,0.011,0.02,0.004,0.001,0.011,0.006,0.002,0,0.001,0.008,0.002,0,0.01,0,0.005,0.006,0,0.001,0,0.003,0.003,0.001,0.001,0.001,0.002,0.002,0,0.002,0,0.003,0.007,0.001,0,0.016,0.009,0,0.003,0.004,0.002,0.002,0.012,0.012,0.012,0.001,1,0.001,0.016,0.008
rs9356171,0.009,0.004,0.002,0.036,0.005,0.01,0.001,0.009,0.002,0.007,0.006,0,0.017,0.003,0,0.004,0,0.001,0.002,0.009,0,0.004,0.001,0.001,0.005,0.017,0,0.001,0,0,0.002,0,0.001,0.003,0.002,0,0.005,0.002,0.002,0.002,0.002,0.002,0.002,0.001,0.001,1,0.009,0.003
rs73043122,0.002,0,0,0.003,0.003,0.012,0,0.005,0.019,0,0.002,0,0.006,0.01,0.001,0.011,0.009,0,0.007,0,0.015,0.009,0.001,0.017,0.005,0.005,0.003,0.003,0.003,0.011,0.006,0.018,0.013,0.033,0.001,0.002,0.002,0.002,0.013,0.012,0.001,0.001,0.001,0.011,0.016,0.009,1,0.009
rs924043,0.001,0.004,0.009,0,0.017,0.005,0.001,0.002,0.005,0.001,0.01,0.001,0,0.008,0,0,0.01,0.018,0.001,0,0.021,0.002,0.008,0.002,0,0,0.006,0.01,0.006,0.003,0,0,0.017,0.001,0.025,0.005,0,0.001,0,0,0.001,0.001,0.001,0,0.008,0.003,0.009,1
