,Variant,Allele,P-value,Chromosome,Location on chromosome
0,rs28600853,G,6e-06,1,2863195
1,rs17407280,C,7e-06,1,20693912
2,rs10751776,C,3e-08,1,24970252
3,rs574384,A,2e-08,1,35622060
4,rs12742756,G,4e-08,1,37881745
5,rs2269247,T,1e-10,1,63641613
6,rs2269241,G,4e-07,1,63643100
7,rs855330,C,5e-11,1,63648218
8,rs11580078,G,8e-11,1,67203951
9,rs2066363,C,8e-11,1,81771892
10,rs1983853,?,2e-06,1,84845509
11,rs34090353,C,1e-08,1,92358141
12,rs2153977,T,4e-07,1,113537449
13,rs6679677,A,5e-26,1,113761186
14,rs2476601,?,5e-16,1,113834946
15,rs2476601,A,1e-07,1,113834946
16,rs2476601,T,2e-80,1,113834946
17,rs2476601,G,1e-50,1,113834946
18,rs2358994,A,2e-11,1,113886839
19,rs2641348,G,2e-08,1,119895261
20,rs1493696,A,8e-09,1,119962909
21,rs2229238,C,1e-12,1,154465420
22,rs857786,T,6e-09,1,158815304
23,rs10919543,G,6e-06,1,161538827
24,rs78037977,G,2e-09,1,172746562
25,rs34884278,C,4e-07,1,172869708
26,rs2816313,A,5e-09,1,192570207
27,rs6689858,C,2e-07,1,197406337
28,rs570794153,GA,4e-11,1,198629260
29,rs6691977,C,4e-08,1,200845831
30,rs55705316,G,1e-06,1,206760172
31,rs3024505,?,2e-09,1,206766559
32,rs3024505,G,5e-10,1,206766559
33,rs7524087,G,8e-06,1,212470318
34,rs12128789,C,4e-09,1,212679490
35,rs11120029,T,2e-08,1,212796238
36,rs114846446,A,2e-07,2,2944140
37,rs1881146,T,5e-08,2,12494668
38,rs1534422,G,2e-06,2,12500615
39,rs10169963,T,3e-08,2,12512805
40,rs2165738,C,4e-06,2,24469940
41,rs478222,?,4e-09,2,25078886
42,rs6547853,?,8e-07,2,28423934
43,rs11888640,?,2e-06,2,43579243
44,rs7567242,A,4e-09,2,60326008
45,rs12464462,G,9e-10,2,60409281
46,rs12712067,T,4e-09,2,100147438
47,rs13415583,T,1e-07,2,100147625
48,rs9653442,G,5e-06,2,100208905
49,rs2075184,T,9e-08,2,102464132
50,rs4849135,G,4e-08,2,110857502
51,rs192324744,G,2e-11,2,141543366
52,rs77155259,G,2e-06,2,161647730
53,rs2111485,G,4e-18,2,162254026
54,rs1990760,A,2e-11,2,162267541
55,rs1990760,?,7e-09,2,162267541
56,rs1990760,C,2e-14,2,162267541
57,rs35667974,T,9e-09,2,162268127
58,rs72871627,A,2e-06,2,162280432
59,rs60587303,C,3e-09,2,168190122
60,rs7582694,G,3e-09,2,191105394
61,rs926169,T,9e-06,2,203858029
62,rs3087243,A,8e-11,2,203874196
63,rs3087243,?,1e-15,2,203874196
64,rs3087243,G,7e-21,2,203874196
65,rs36001488,C,8e-11,2,233276621
66,rs4676410,A,2e-07,2,240624322
67,rs13018977,A,2e-08,2,241338592
68,rs10933559,G,3e-11,2,241468331
69,rs3864055,T,6e-06,3,5093886
70,rs113010081,T,5e-08,3,46415921
71,rs4625,G,8e-11,3,49534707
72,rs11705721,G,9e-06,3,58414687
73,rs111821448,C,5e-06,3,111874722
74,rs113881148,A,6e-09,4,973543
75,rs56337234,T,4e-06,4,1782676
76,rs7672495,C,1e-07,4,4990640
77,rs10517086,A,5e-10,4,26083889
78,rs337637,A,3e-10,4,38602849
79,rs139881548,C,7e-06,4,46372280
80,rs7679475,A,4e-10,4,121392885
81,rs4505848,?,5e-13,4,122211337
82,rs6534347,A,2e-06,4,122277280
83,rs75793288,G,6e-13,4,122322441
84,rs17388568,A,3e-06,4,122408207
85,rs2069762,A,5e-07,4,122456825
86,rs62324212,A,3e-08,4,122639784
87,rs13147255,A,1e-08,4,124578751
88,rs2611215,A,2e-11,4,165653115
89,rs34740712,C,5e-06,4,165916328
90,rs11725853,A,8e-07,4,174721548
91,rs7660520,A,8e-11,4,182824168
92,rs12644686,G,2e-08,4,184381748
93,rs12644905,C,4e-06,4,184755529
94,rs6897932,G,8e-06,5,35874473
95,rs11954020,G,4e-08,5,35883149
96,rs1445898,G,8e-06,5,35910427
97,rs7725052,C,8e-11,5,40487168
98,rs1876142,T,2e-14,5,40521603
99,rs10213692,C,3e-09,5,56146422
100,rs7731626,A,1e-10,5,56148856
101,rs4513644,T,8e-07,5,57837318
102,rs4869313,T,9e-08,5,96888176
103,rs114378220,T,5e-09,5,111230662
104,rs766751473,T,1e-08,5,132431072
105,rs11741255,A,2e-09,5,132475490
106,rs17166496,G,5e-06,5,133293192
107,rs755374,T,2e-10,5,159402286
108,rs1050979,G,6e-14,6,410417
109,rs9405661,A,2e-09,6,424915
110,rs12203596,C,6e-06,6,17120009
111,rs4320356,T,3e-08,6,26423332
112,rs114631266,C,2e-06,6,29058810
113,rs2471863,C,8e-07,6,29931850
114,rs34941730,G,2e-09,6,29946109
115,rs2523989,A,2e-08,6,30110498
116,rs45626136,C,1e-06,6,30345252
117,rs886424,A,3e-14,6,30814225
118,rs116020851,C,3e-07,6,30954755
119,rs1265057,C,2e-06,6,31110838
120,rs116763857,G,1e-14,6,31173705
121,rs9264758,G,3e-07,6,31280657
122,rs2251396,T,1e-22,6,31396930
123,rs9501130,G,2e-11,6,31449679
124,rs3093664,G,3e-07,6,31576865
125,rs2857595,T,2e-23,6,31600692
126,rs1270942,C,5e-25,6,31951083
127,rs3134938,C,8e-07,6,32238711
128,rs926592,C,6e-06,6,32337881
129,rs1980493,G,2e-20,6,32395438
130,rs3135365,C,9e-06,6,32421478
131,rs9268576,C,2e-08,6,32427864
132,rs9268645,?,1e-100,6,32440750
133,rs9268853,?,2e-23,6,32461866
134,rs138748427,A,3e-09,6,32516743
135,rs7760731,C,6e-11,6,32615624
136,rs9272346,G,5e-134,6,32636595
137,rs9273363,A,5e-138,6,32658495
138,rs9273367,T,6e-306,6,32658661
139,rs9273368,G,8e-40,6,32658698
140,rs9273368,?,3e-78,6,32658698
141,rs1770,G,2e-232,6,32660056
142,rs9275358,G,3e-07,6,32700118
143,rs2647044,A,1e-16,6,32700133
144,rs35122968,C,4e-11,6,32714422
145,rs3997848,G,2e-14,6,32714617
146,rs1015166,T,4e-22,6,32830954
147,rs241427,G,4e-06,6,32836637
148,rs4148870,C,2e-06,6,32838614
149,rs3128930,C,7e-06,6,33107889
150,rs78824139,C,9e-06,6,64748694
151,rs17711850,C,2e-09,6,90155151
152,rs3757247,A,1e-06,6,90247744
153,rs11755527,?,1e-07,6,90248512
154,rs11755527,G,5e-12,6,90248512
155,rs72928038,A,6e-14,6,90267049
156,rs9388489,G,4e-13,6,126377573
157,rs1578060,C,2e-06,6,126391101
158,rs1538171,G,7e-10,6,126431738
159,rs12665429,C,1e-13,6,137682468
160,rs212408,T,1e-15,6,159049210
161,rs9356171,A,9e-06,6,163922743
162,rs73043122,C,4e-06,6,166969779
163,rs924043,?,8e-09,6,170063801
164,rs10258381,G,5e-06,7,10057028
165,rs6461299,C,2e-06,7,17147155
166,rs7805218,A,9e-09,7,20339178
167,rs17143056,G,2e-08,7,20557306
168,rs7804356,?,5e-09,7,26852046
169,rs10245867,T,3e-08,7,28102567
170,rs550448,?,5e-07,7,28189423
171,rs10255565,C,1e-06,7,43408191
172,rs62447205,A,3e-08,7,50398132
173,rs4263714,A,4e-06,7,50955790
174,rs4948088,?,4e-08,7,50959497
175,rs10277986,A,1e-07,7,50961290
176,rs7795896,T,2e-16,7,117446559
177,rs3757787,T,1e-08,7,127618330
178,rs2250903,T,1e-10,8,11877675
179,rs2410601,G,4e-06,8,19065067
180,rs1947178,G,2e-09,8,58959618
181,rs12679857,?,4e-07,8,118965098
182,rs13259300,C,3e-10,8,119070702
183,rs35766765,G,3e-06,8,132775726
184,rs7831697,G,5e-07,8,137124061
185,rs3802214,C,3e-08,8,140606084
186,rs6476839,T,1e-09,9,4290823
187,rs7020673,?,5e-12,9,4291747
188,rs10974438,C,1e-06,9,4291928
189,rs10758593,A,3e-06,9,4292083
190,rs36051895,T,9e-08,9,4981866
191,rs74629033,G,5e-06,9,5421234
192,rs7042370,T,1e-07,9,12785074
193,rs10961433,G,2e-06,9,14228472
194,rs10811662,A,1e-10,9,22134254
195,rs7871386,C,5e-06,9,23166744
196,rs1405209,C,3e-08,9,99823263
197,rs4246905,T,1e-08,9,114790969
198,rs4837404,G,5e-06,9,129743380
199,rs10988542,C,7e-07,9,129894985
200,rs541856133,T,4e-17,9,133060938
201,rs11145763,C,3e-08,9,136369144
202,rs61839660,?,5e-09,10,6052734
203,rs61839660,C,3e-39,10,6052734
204,rs12722495,A,1e-38,10,6055320
205,rs706779,C,3e-08,10,6056861
206,rs706778,T,6e-09,10,6056986
207,rs10795791,G,6e-11,10,6066377
208,rs12251307,T,2e-06,10,6081532
209,rs12251307,?,1e-13,10,6081532
210,rs41295121,C,5e-08,10,6087680
211,rs1983890,C,3e-08,10,6136651
212,rs947474,G,4e-09,10,6348488
213,rs11258747,?,1e-07,10,6430929
214,rs3802604,C,2e-08,10,8060309
215,rs537544,T,9e-09,10,8066419
216,rs722988,C,3e-15,10,33137219
217,rs7100025,G,8e-11,10,37303610
218,rs10822050,C,8e-11,10,62679011
219,rs78325861,G,2e-11,10,70618733
220,rs1250563,C,1e-08,10,79287626
221,rs10509540,?,1e-28,10,88263276
222,rs12416116,C,4e-15,10,88275897
223,rs10788599,?,1e-06,10,88428167
224,rs10786436,T,8e-07,10,98540425
225,rs1332099,T,9e-11,10,99538694
226,rs7903146,T,1e-14,10,112998590
227,rs113306148,A,3e-06,10,122400322
228,rs78896587,T,1e-09,11,2055620
229,rs4366464,C,1e-09,11,2143569
230,rs17885785,T,8e-11,11,2146620
231,rs3741208,T,2e-07,11,2148544
232,rs1004446,C,4e-09,11,2148913
233,rs1004446,G,3e-23,11,2148913
234,rs3842753,G,8e-44,11,2159830
235,rs689,?,1e-18,11,2160994
236,rs689,A,5e-196,11,2160994
237,rs689,T,1e-160,11,2160994
238,rs3842727,T,1e-13,11,2163618
239,rs3842727,A,3e-07,11,2163618
240,rs4929965,G,2e-31,11,2176056
241,rs72853903,C,6e-10,11,2177435
242,rs7111341,?,4e-48,11,2191936
243,rs10831551,C,5e-06,11,2217058
244,rs2237897,T,2e-08,11,2837316
245,rs140215710,A,4e-08,11,2881830
246,rs5790666,?,8e-09,11,27778324
247,rs11033048,T,2e-10,11,35267496
248,rs79538630,T,1e-09,11,60961822
249,rs968567,T,8e-09,11,61828092
250,rs645078,C,3e-09,11,64367826
251,rs4084127,?,3e-06,11,69781755
252,rs7936434,C,4e-08,11,76582761
253,rs607703,T,1e-10,11,128734279
254,rs605093,T,4e-09,11,128734337
255,rs1805731,C,4e-08,12,8942630
256,rs7301381,C,5e-11,12,8971336
257,rs3764021,C,5e-08,12,9681032
258,rs11052552,G,7e-07,12,9703362
259,rs917911,C,2e-07,12,9753255
260,rs4763879,A,2e-11,12,9757568
261,rs17466626,G,3e-10,12,40366829
262,rs7313065,A,3e-09,12,53077434
263,rs11170445,T,8e-09,12,53151908
264,rs705699,T,7e-20,12,55991020
265,rs1689510,C,4e-09,12,56002984
266,rs1701704,C,9e-10,12,56018703
267,rs1701704,T,5e-18,12,56018703
268,rs705705,C,4e-32,12,56041720
269,rs10876866,A,3e-08,12,56051582
270,rs11171739,C,1e-11,12,56076841
271,rs2292239,A,3e-16,12,56088396
272,rs2292239,?,2e-25,12,56088396
273,rs2292239,T,3e-27,12,56088396
274,rs1265564,?,1e-16,12,111270654
275,rs3184504,?,2e-08,12,111446804
276,rs3184504,T,2e-38,12,111446804
277,rs3184504,C,4e-14,12,111446804
278,rs3184504,A,4e-07,12,111446804
279,rs653178,C,2e-44,12,111569952
280,rs17696736,G,2e-14,12,112049014
281,rs74537115,T,5e-09,13,42343795
282,rs238265,G,2e-09,13,42356523
283,rs539514,?,6e-11,13,75752146
284,rs9585056,C,3e-08,13,99429512
285,rs11839053,C,1e-06,13,106410694
286,rs10137082,?,6e-06,14,23370824
287,rs55846421,?,2e-09,14,49843683
288,rs911263,T,3e-08,14,68286876
289,rs1465788,?,2e-12,14,68796882
290,rs1456988,G,3e-08,14,98021670
291,rs4900384,G,4e-09,14,98032614
292,rs941576,A,1e-10,14,100839708
293,rs56994090,T,1e-11,14,100840110
294,rs8035957,C,4e-06,15,38546063
295,rs72727394,T,4e-10,15,38554821
296,rs7171171,G,2e-07,15,38614840
297,rs72743477,G,8e-11,15,67171953
298,rs34593439,G,9e-14,15,78942615
299,rs3825932,T,3e-15,15,78943104
300,rs3825932,?,8e-08,15,78943104
301,rs7167984,A,3e-08,15,93288838
302,rs9934817,G,8e-06,16,6086218
303,rs12708716,A,5e-07,16,11086016
304,rs12708716,G,7e-13,16,11086016
305,rs12708716,?,2e-16,16,11086016
306,rs12927355,C,3e-22,16,11100914
307,rs2903692,G,7e-11,16,11144926
308,rs193778,G,4e-10,16,11257354
309,rs416603,T,3e-06,16,11270222
310,rs12444268,A,2e-07,16,20331250
311,rs4238595,C,2e-11,16,20331769
312,rs1110458,C,8e-06,16,22969144
313,rs12598357,G,4e-09,16,28329624
314,rs151234,C,5e-11,16,28494339
315,rs4788084,G,3e-13,16,28528527
316,rs4788084,C,1e-08,16,28528527
317,rs12928404,C,6e-07,16,28835925
318,rs77150043,T,6e-09,16,50270338
319,rs117372389,T,8e-11,16,50634166
320,rs113935429,A,1e-08,16,53788258
321,rs72802342,A,6e-10,16,75200974
322,rs7202877,G,3e-15,16,75213347
323,rs8056814,A,3e-19,16,75218429
324,rs8046043,C,2e-08,16,80250127
325,rs61759532,T,2e-10,17,7337072
326,rs16956936,?,5e-07,17,7730374
327,rs2941522,C,7e-09,17,39754115
328,rs12232497,C,3e-07,17,39883866
329,rs2872507,A,2e-06,17,39884510
330,rs12453507,G,1e-08,17,39896954
331,rs2290400,?,6e-13,17,39909987
332,rs56380902,C,1e-08,17,39910119
333,rs7221109,?,1e-09,17,40614034
334,rs757411,T,1e-07,17,40618898
335,rs1052553,A,8e-08,17,45996523
336,rs1052553,G,2e-15,17,45996523
337,rs11651753,T,1e-09,17,47951723
338,rs2597169,G,3e-09,17,47956725
339,rs57209021,T,4e-08,17,68168777
340,rs2847278,T,1e-09,18,12778716
341,rs2542151,C,9e-08,18,12779948
342,rs2542151,G,4e-13,18,12779948
343,rs1893217,?,4e-15,18,12809341
344,rs1893217,G,1e-15,18,12809341
345,rs12971201,G,2e-06,18,12830539
346,rs1615504,T,2e-11,18,69859408
347,rs763361,A,1e-08,18,69864406
348,rs763361,C,1e-09,18,69864406
349,rs34536443,G,2e-11,19,10352442
350,rs12720356,A,4e-07,19,10359299
351,rs2304256,C,4e-09,19,10364976
352,rs2304256,?,1e-10,19,10364976
353,rs62131887,T,4e-07,19,10476920
354,rs425105,?,3e-11,19,46705224
355,rs402072,T,5e-08,19,46715865
356,rs516246,T,5e-14,19,48702915
357,rs602662,G,5e-08,19,48703728
358,rs2281808,?,1e-11,20,1629905
359,rs6043409,G,3e-10,20,1635560
360,rs2738774,A,9e-07,20,63637985
361,rs2128344,A,8e-12,21,20724226
362,rs2836882,A,5e-08,21,39094644
363,rs11203202,G,1e-15,21,42405248
364,rs11203203,?,2e-09,21,42416077
365,rs9976767,C,2e-08,21,42416281
366,rs3788013,A,1e-07,21,42421219
367,rs6518350,A,1e-07,21,44201934
368,rs56178904,T,7e-11,21,44204668
369,rs74203920,T,2e-08,21,44294411
370,rs178050,A,7e-06,22,20814301
371,rs428595,A,2e-06,22,21662102
372,rs4820830,C,1e-12,22,30135102
373,rs5753037,T,3e-16,22,30185733
374,rs743777,G,2e-06,22,37155567
375,rs229533,C,2e-08,22,37191071
376,rs229541,T,2e-08,22,37195278
377,rs229541,?,2e-07,22,37195278
