Location,Variant ID and risk allele ,Han RAF,Yoruba RAF,GBR RAF
6:32830954,rs1015166-<b>T</b>,0.357,0.935,0.33
6:410417,rs1050979-<b>G</b>,0.267,0,0.495
6:29058810,rs114631266-<b>C</b>,1,1,0.984
6:30954755,rs116020851-<b>C</b>,0.951,1,0.967
6:31173705,rs116763857-<b>G</b>,0,0,0.027
6:90248512,rs11755527-<b>G</b>,0.432,0.181,0.467
6:17120009,rs12203596-<b>C</b>,0.068,0.269,0.39
6:31110838,rs1265057-<b>C</b>,0.311,0.528,0.39
6:137682468,rs12665429-<b>C</b>,0.189,0.148,0.374
6:31951083,rs1270942-<b>C</b>,,,
6:32516743,rs138748427-<b>A</b>,0.481,0.167,0.462
6:126431738,rs1538171-<b>G</b>,0.99,0.167,0.453
6:126391101,rs1578060-<b>C</b>,0.99,0.88,0.456
6:32660056,rs1770-<b>G</b>,0.417,0.343,0.44
6:90155151,rs17711850-<b>C</b>,0,0.037,0.445
6:32395438,rs1980493-<b>G</b>,,,
6:159049210,rs212408-<b>T</b>,,0.477,0.57
6:31396930,rs2251396-<b>T</b>,,,
6:32836637,rs241427-<b>G</b>,0.68,0.838,0.643
6:29931850,rs2471863-<b>C</b>,0.65,0..579,0.593
6:30110498,rs25239-<b>A</b>,,,
6:32700133,rs2647044-<b>A</b>,0.03,0.05,0.1
6:31600692,rs2857595-<b>T</b>,,,
6:31576865,rs3093664-<b>G</b>,0.034,0.079,0.126
6:33107889,rs3128930-<b>C</b>,0.785,0.383,0.643
6:32238711,rs3134938-<b>C</b>,0.917,0.954,0.78
6:32421478,rs3135365-<b>C</b>,,,
6:29946109,rs34941730-<b>G</b>,0.184,0.116,0.088
6:32714422,rs35122968-<b>C</b>,0.177,0.009,0.093
6:90247744,rs3757247-<b>A</b>,,,
6:32714617,rs3997848-<b>G</b>,0.233,0.394,0.286
6:32838614,rs4148870-<b>C</b>,0.5,0.63,0.56
6:26423332,rs4320356-<b>T</b>,0.286,0.801,0.434
6:30345252,rs45626136-<b>C</b>,0.956,1,0.934
6:90267049,rs72928038-<b>A</b>,0,0,
6:166969779,rs73043122-<b>C</b>,0.092,0.009,0.022
6:32615624,rs7760731-<b>C</b>,,,
6:64748694,rs78824139-<b>C</b>,1,1,0.989
6:30814225,rs886424-<b>A</b>,,,
6:170063801,rs924043-<b>?</b>,,,
6:31280657,rs9264758-<b>G</b>,0.767,0.815,0.819
6:32337881,rs926592-<b>C</b>,,,
6:32427864,rs9268576-<b>C</b>,0.17,0.12,0.038
6:32440750,rs9268645-<b>?</b>,,,
6:32461866,rs9268853-<b>?</b>,,,
6:32636595,rs9272346-<b>G</b>,0.422,0.579,0.407
6:32658495,rs9273363-<b>A</b>,0.34,0.088,0.308
6:32658661,rs9273367-<b>T</b>,0.388,0.088,0.698
6:32658698,rs9273368-<b>G</b>,0.66,0.912,0.698
6:32700118,rs9275358-<b>G</b>,,,
6:163922743,rs9356171-<b>A</b>,0.84,0.727,0.571
6:126377573,rs9388489-<b>G</b>,0.99,0.83,0.46
6:424915,rs9405661-<b>A</b>,0.272,0,0.451
6:424915,rs9405661-<b>A</b>,,,
6:31449679,rs9501130-<b>G</b>,0.762,0.699,0.83
2:100147438,rs12712067-<b>T</b>,0.62,0.2,0.38
2:100147625,rs13415583-<b>T</b>,,,
2:100208905,rs9653442-<b>G</b>,,,
2:102464132,rs2075184-<b>T</b>,0.49,0.06,0.25
2:110857502,rs4849135-<b>G</b>,0.675,0.481,0.725
2:12494668,rs1881146-<b>T</b>,0.38,0.17,0.37
2:12500615,rs1534422-<b>G</b>,0.199,0.546,0.423
2:12512805,rs10169963-<b>T</b>,0.56,0.46,0.52
2:141543366,rs192324744-<b>G</b>,,,
2:161647730,rs77155259-<b>G</b>,,,
2:162254026,rs2111485-<b>G</b>,0.141,0.093,0.615
2:162267541,rs1990760-<b>A</b>,,,
2:162267541,rs1990760-<b>C</b>,,,
2:162268127,rs35667974-<b>T</b>,1,1,0.995
2:162280432,rs72871627-<b>A</b>,1,1,
2:168190122,rs60587303-<b>C</b>,,,
2:191105394,rs7582694-<b>G</b>,,,
2:203858029,rs926169-<b>T</b>,0.68,0.34,0.42
2:203874196,rs3087243-<b>G</b>,0.81,0.81,0.58
2:203874196,rs3087243-<b>A</b>,,,
2:233276621,rs36001488-<b>C</b>,,,
2:240624322,rs4676410-<b>A</b>,,,
2:241338592,rs13018977-<b>A</b>,,0.12,0.247
2:241468331,rs10933559-<b>G</b>,,,
2:24469940,rs2165738-<b>C</b>,0.704,0.819,0.264
2:25078886,rs478222-<b>?</b>,,,
2:28423934,rs6547853-<b>?</b>,,,
2:2944140,rs114846446-<b>A</b>,,,
2:43579243,rs11888640-<b>?</b>,,,
2:60326008,rs7567242-<b>A</b>,,,
2:60409281,rs12464462-<b>G</b>,,0.48,0.44
1:113537449,rs2153977-<b>T</b>,0.7,0.13,0.29
1:113761186,rs6679677-<b>A</b>,,,
1:113834946,rs2476601-<b>T</b>,,,
1:113834946,rs2476601-<b>A</b>,,,
1:113834946,rs2476601-<b>G</b>,,,
1:113886839,rs2358994-<b>A</b>,0.6,,0.17
1:119895261,rs2641348-<b>G</b>,,,
1:119962909,rs1493696-<b>A</b>,0.073,0.495,0.132
1:154465420,rs2229238-<b>C</b>,0.888,0.829,0.824
1:158815304,rs857786-<b>T</b>,0.45,0.29,0.54
1:161538827,rs10919543-<b>G</b>,,,
1:172746562,rs78037977-<b>G</b>,,,0.879
1:172869708,rs34884278-<b>C</b>,,,
1:192570207,rs2816313-<b>A</b>,0.82,0.99,0.76
1:197406337,rs6689858-<b>C</b>,,,
1:198629260,rs570794153-<b>GA</b>,,,
1:200845831,rs6691977-<b>C</b>,,,
1:206760172,rs55705316-<b>G</b>,,,0.12
1:206766559,rs3024505-<b>G</b>,,,
1:20693912,rs17407280-<b>C</b>,,,
1:212470318,rs7524087-<b>G</b>,,,0.02
1:212679490,rs12128789-<b>C</b>,0.32,0.2,0.15
1:212796238,rs11120029-<b>T</b>,0.3,0.22,0.12
1:24970252,rs10751776-<b>C</b>,0.694,0.796,0.499
1:2863195,rs28600853-<b>G</b>,,,
1:35622060,rs574384-<b>A</b>,0.18,0.14,0.9
1:37881745,rs12742756-<b>G</b>,,,
1:63641613,rs2269247-<b>T</b>,0.17,0.15,0.21
1:63643100,rs2269241-<b>G</b>,,0.79,
1:63648218,rs855330-<b>C</b>,,,
1:67203951,rs11580078-<b>G</b>,,,
1:81771892,rs2066363-<b>C</b>,,,
1:84845509,rs1983853-<b>?</b>,,,
1:92358141,rs34090353-<b>C</b>,0.005,0.278,
4:121392885,rs7679475-<b>A</b>,,,
4:122211337,rs4505848-<b>?</b>,,,
4:122277280,rs6534347-<b>A</b>,0.62,0.27,0.66
4:122322441,rs75793288-<b>G</b>,,,
4:122408207,rs17388568-<b>A</b>,,,
4:122456825,rs2069762-<b>A</b>,0.709,0.977,0.687
4:122639784,rs62324212-<b>A</b>,0.86,,
4:124578751,rs13147255-<b>A</b>,,,
4:165653115,rs2611215-<b>A</b>,,,
4:165916328,rs34740712-<b>C</b>,0.14,,0.11
4:174721548,rs11725853-<b>A</b>,,,
4:1782676,rs56337234-<b>T</b>,0.767,0.162,0.495
4:182824168,rs7660520-<b>A</b>,,,
4:184381748,rs12644686-<b>G</b>,0.5,0.32,0.13
4:184755529,rs12644905-<b>C</b>,0.82,0.98,0.96
4:26083889,rs10517086-<b>A</b>,,0.3,0.3
4:38602849,rs1051708-<b>A</b>,,,
4:38602849,rs337637-<b>A</b>,,,
4:46372280,rs139881548-<b>C</b>,1,1,0.978
4:4990640,rs7672495-<b>C</b>,0.59,0.2,0.18
4:973543,rs113881148-<b>A</b>,,,
5:111230662,rs114378220-<b>T</b>,,,0.071
5:132431072,rs766751473-<b>T</b>,,,
5:132475490,rs11741255-<b>A</b>,,,
5:133293192,rs17166496-<b>G</b>,0.699,0.366,0.538
5:159402286,rs755374-<b>T</b>,0.316,0.176,
5:35874473,rs6897932-<b>G</b>,,,
5:35883149,rs11954020-<b>G</b>,0.791,0.718,0.434
5:35910427,rs1445898-<b>G</b>,,,
5:40487168,rs7725052-<b>C</b>,0.816,0.597,0.396
5:40521603,rs1876142-<b>T</b>,0.364,0.264,0.698
5:56146422,rs10213692-<b>C</b>,,,
5:56148856,rs7731626-<b>A</b>,0.922,,
5:57837318,rs4513644-<b>T</b>,,,
5:96888176,rs4869313-<b>T</b>,,,
7:10057028,rs10258381-<b>G</b>,,,
7:117446559,rs7795896-<b>T</b>,,0.718,0.703
7:127618330,rs3757787-<b>T</b>,,,
7:17147155,rs6461299-<b>C</b>,0.51,0.61,0.43
7:20339178,rs7805218-<b>A</b>,,,
7:20557306,rs17143056-<b>G</b>,,,
7:26852046,rs7804356-<b>?</b>,,,
7:28102567,rs10245867-<b>T</b>,,,
7:28189423,rs550448-<b>?</b>,,,
7:43408191,rs10255565-<b>C</b>,,,
7:50398132,rs62447205-<b>A</b>,,,0.687
7:50955790,rs4263714-<b>A</b>,,,0.945
7:50959497,rs4948088-<b>?</b>,,,
7:50961290,rs10277986-<b>A</b>,,,
8:11877675,rs2250903-<b>T</b>,,,
8:118965098,rs12679857-<b>?</b>,,,
8:119070702,rs13259300-<b>C</b>,0.42,0.82,0.58
8:132775726,rs35766765-<b>G</b>,0.35,0.06,0.07
8:137124061,rs7831697-<b>G</b>,0.631,0.741,0.33
8:140606084,rs3802214-<b>C</b>,,,
8:19065067,rs2410601-<b>G</b>,0.15,0.65,0.46
8:58959618,rs1947178-<b>G</b>,0.83,0.37,0.84
9:114790969,rs4246905-<b>T</b>,,,
9:12785074,rs7042370-<b>T</b>,0.62,0.34,0.53
9:129743380,rs4837404-<b>G</b>,0.32,,0.352
9:129894985,rs10988542-<b>C</b>,,,
9:133060938,rs541856133-<b>T</b>,,,0.01
9:136369144,rs11145763-<b>C</b>,,,
9:14228472,rs10961433-<b>G</b>,,,
9:22134254,rs10811662-<b>A</b>,0.43,0.05,0.13
9:23166744,rs7871386-<b>C</b>,0.073,0.398,0.258
9:4290823,rs6476839-<b>T</b>,0.413,0.458,0.468
9:4291747,rs7020673-<b>?</b>,,,
9:4291928,rs10974438-<b>C</b>,0.335,0.069,0.274
9:4292083,rs10758593-<b>A</b>,0.41,0.43,0.46
9:4981866,rs36051895-<b>T</b>,0.26,0.05,0.29
9:5421234,rs74629033-<b>G</b>,0.898,0.921,0.967
9:99823263,rs1405209-<b>C</b>,0.204,0.343,0.374
10:112998590,rs7903146-<b>T</b>,0.02,0.24,0.26
10:122400322,rs113306148-<b>A</b>,,,
10:33137219,rs722988-<b>C</b>,,,
10:37303610,rs7100025-<b>G</b>,0.2,0.25,0.36
10:6052734,rs61839660-<b>C</b>,,,0.896
10:6052734,rs61839660-<b>?</b>,,,
10:6055320,rs12722495-<b>A</b>,,,
10:6056861,rs706779-<b>C</b>,0.359,,0.456
10:6056986,rs706778-<b>T</b>,,,
10:6066377,rs10795791-<b>G</b>,,,
10:6081532,rs12251307-<b>T</b>,,,
10:6087680,rs41295121-<b>C</b>,0.99,1,0.995
10:6136651,rs1983890-<b>C</b>,,,
10:62679011,rs10822050-<b>C</b>,,,
10:6348488,rs947474-<b>G</b>,,,
10:6430929,rs11258747-<b>?</b>,,,
10:70618733,rs78325861-<b>G</b>,,,
10:79287626,rs1250563-<b>C</b>,0.354,0.963,0.28
10:8060309,rs3802604-<b>C</b>,,,
10:8066419,rs537544-<b>T</b>,,,
10:88263276,rs10509540-<b>?</b>,0.777,,
10:88275897,rs12416116-<b>C</b>,,,
10:88428167,rs10788599-<b>?</b>,,,
10:98540425,rs10786436-<b>T</b>,0.6,0.54,0.4
10:99538694,rs1332099-<b>T</b>,0.456,0.463,0.352
11:128734279,rs607703-<b>T</b>,,,
11:128734337,rs605093-<b>T</b>,,,
11:2055620,rs78896587-<b>T</b>,,,
11:2143569,rs4366464-<b>C</b>,,,
11:2146620,rs17885785-<b>T</b>,,,
11:2148544,rs3741208-<b>T</b>,,,
11:2148913,rs1004446-<b>C</b>,,,
11:2148913,rs1004446-<b>G</b>,,,
11:2159830,rs3842753-<b>G</b>,,,
11:2160994,rs689-<b>T</b>,,,
11:2160994,rs689-<b>A</b>,,,
11:2163618,rs3842727-<b>T</b>,0.95,0.19,0.66
11:2163618,rs3842727-<b>A</b>,,,0.66
11:2176056,rs4929965-<b>G</b>,,,
11:2177435,rs72853903-<b>C</b>,0.917,0.977,0.665
11:2191936,rs7111341-<b>?</b>,,,
11:2217058,rs10831551-<b>C</b>,,,
11:27778324,rs5790666-<b>?</b>,,,
11:2837316,rs2237897-<b>T</b>,0.38,0.09,0.03
11:2881830,rs140215710-<b>A</b>,,,
11:35267496,rs11033048-<b>T</b>,0.54,0.24,0.37
11:60961822,rs79538630-<b>T</b>,0.005,0.111,0.044
11:61828092,rs968567-<b>T</b>,,,
11:64367826,rs645078-<b>C</b>,,,
11:69781755,rs4084127-<b>?</b>,,,
11:76582761,rs7936434-<b>C</b>,0.519,0.278,0.473
12:111270654,rs1265564-<b>?</b>,,,
12:111446804,rs3184504-<b>T</b>,0.99,,0.5
12:111446804,rs3184504-<b>C</b>,0.01,,0.5
12:111446804,rs3184504-<b>A</b>,,1,
12:111569952,rs653178-<b>C</b>,0.01,,0.5
12:112049014,rs17696736-<b>G</b>,0.01,,0.456
12:40366829,rs17466626-<b>G</b>,,,0.01
12:53077434,rs7313065-<b>A</b>,,,
12:53151908,rs11170445-<b>T</b>,,,
12:55991020,rs705699-<b>T</b>,,,
12:56002984,rs1689510-<b>C</b>,0.25,,0.66
12:56018703,rs1701704-<b>C</b>,,,
12:56018703,rs1701704-<b>T</b>,0.757,,0.659
12:56041720,rs705705-<b>C</b>,,,
12:56051582,rs10876866-<b>A</b>,0.25,,0.35
12:56076841,rs11171739-<b>C</b>,,,
12:56088396,rs2292239-<b>A</b>,,,
12:56088396,rs2292239-<b>T</b>,,,
12:8942630,rs1805731-<b>C</b>,,,
12:8971336,rs7301381-<b>C</b>,,,
12:9681032,rs3764021-<b>C</b>,,,
12:9703362,rs11052552-<b>G</b>,,,
12:9753255,rs917911-<b>C</b>,,,
12:9757568,rs4763879-<b>A</b>,,,
13:106410694,rs11839053-<b>C</b>,,,
13:42343795,rs74537115-<b>T</b>,,,
13:42356523,rs238265-<b>G</b>,0.83,0.58,0.7
13:75752146,rs539514-<b>?</b>,,,
13:99429512,rs9585056-<b>C</b>,0.07,0.48,0.25
14:100839708,rs941576-<b>A</b>,,,
14:100840110,rs56994090-<b>T</b>,0.67,0.56,0.6
14:23370824,rs10137082-<b>?</b>,,,
14:49843683,rs55846421-<b>?</b>,,,
14:68286876,rs911263-<b>T</b>,0.86,0.9,0.71
14:68796882,rs1465788-<b>?</b>,,,
14:98021670,rs1456988-<b>G</b>,,,
16:11086016,rs12708716-<b>A</b>,0.77,0.5,0.66
16:11086016,rs12708716-<b>G</b>,,,
16:11100914,rs12927355-<b>C</b>,,,
16:11144926,rs2903692-<b>G</b>,0.78,0.67,0.68
16:11257354,rs193778-<b>G</b>,,0.13,0.3
16:11270222,rs416603-<b>T</b>,,,
16:20331250,rs12444268-<b>A</b>,0.01,0.06,0.286
16:20331769,rs4238595-<b>C</b>,,,
16:22969144,rs1110458-<b>C</b>,,,
16:28329624,rs12598357-<b>G</b>,,,
16:28494339,rs151234-<b>C</b>,,,
16:28528527,rs4788084-<b>G</b>,,,
16:28528527,rs4788084-<b>C</b>,,,
16:28835925,rs12928404-<b>C</b>,0.546,,0.352
16:50270338,rs77150043-<b>T</b>,,,
16:50634166,rs117372389-<b>T</b>,,,0.01
16:53788258,rs113935429-<b>A</b>,,,
16:6086218,rs9934817-<b>G</b>,,0.12,0.02
16:75200974,rs72802342-<b>A</b>,0.11,,
16:75213347,rs7202877-<b>G</b>,0.214,0.139,0.121
16:75218429,rs8056814-<b>A</b>,,,
16:80250127,rs8046043-<b>C</b>,,,
17:39754115,rs2941522-<b>C</b>,0.379,0.519,0.522
17:39883866,rs12232497-<b>C</b>,,,
17:39884510,rs2872507-<b>A</b>,0.364,0.231,0.478
17:39896954,rs12453507-<b>G</b>,0.636,0.769,0.478
17:39909987,rs2290400-<b>?</b>,,,
17:39910119,rs56380902-<b>C</b>,,,
17:40618898,rs757411-<b>T</b>,,,
17:45996523,rs1052553-<b>A</b>,1,0.986,0.753
17:45996523,rs1052553-<b>G</b>,,0.014,0.247
17:47951723,rs11651753-<b>T</b>,,,
17:47956725,rs2597169-<b>G</b>,0.45,0.36,0.33
17:68168777,rs57209021-<b>T</b>,0.325,,0.264
17:7337072,rs61759532-<b>T</b>,0.155,,0.236
17:7730374,rs16956936-<b>?</b>,,,
18:12778716,rs2847278-<b>T</b>,0.811,0.796,0.808
18:12779948,rs2542151-<b>C</b>,,,
18:12779948,rs2542151-<b>G</b>,0.189,0.213,0.192
18:12809341,rs1893217-<b>G</b>,0.194,0.056,
18:12830539,rs12971201-<b>G</b>,,0.912,0.615
18:69859408,rs1615504-<b>T</b>,0.359,0.755,0.522
18:69864406,rs763361-<b>A</b>,,,
19:10352442,rs34536443-<b>G</b>,1,1,0.973
19:10359299,rs12720356-<b>A</b>,1,1,0.896
19:10364976,rs2304256-<b>C</b>,0.544,0.903,0.725
19:10476920,rs62131887-<b>T</b>,0.495,0.616,0.225
19:46705224,rs425105-<b>?</b>,,,
19:46715865,rs402072-<b>T</b>,0.859,0.968,0.824
19:48702915,rs516246-<b>T</b>,0.015,0.542,0.473
19:48703728,rs602662-<b>G</b>,,,
20:1629905,rs2281808-<b>?</b>,,,
20:1635560,rs6043409-<b>G</b>,0.83,0.801,
20:63637985,rs2738774-<b>A</b>,0.529,0.019,
21:20724226,rs2128344-<b>A</b>,,,
21:39094644,rs2836882-<b>A</b>,0.281,0.069,0.203
21:42405248,rs11203202-<b>G</b>,,,
21:42416077,rs11203203-<b>?</b>,,,
21:42416281,rs9976767-<b>C</b>,,,
21:42421219,rs3788013-<b>A</b>,0.296,0.551,0.473
21:44201934,rs6518350-<b>A</b>,0.903,0.898,0.813
21:44204668,rs56178904-<b>T</b>,,0.083,0.187
21:44294411,rs74203920-<b>T</b>,,,
22:20814301,rs178050-<b>A</b>,,,0.978
22:21662102,rs428595-<b>A</b>,0.107,,0.016
22:30135102,rs4820830-<b>C</b>,,,
22:30185733,rs5753037-<b>T</b>,0.495,0.106,0.429
22:37155567,rs743777-<b>G</b>,0.107,0.477,0.291
22:37191071,rs229533-<b>C</b>,,0.792,
22:37195278,rs229541-<b>T</b>,,,
15:38546063,rs8035957-<b>C</b>,0.544,0.75,0.214
15:38554821,rs72727394-<b>T</b>,0.102,0.032,0.159
15:38614840,rs7171171-<b>G</b>,0.031,0.37,0.165
15:67171953,rs72743477-<b>G</b>,0.024,0.037,0.17
15:78942615,rs34593439-<b>G</b>,0.937,0.935,0.896
15:78943104,rs3825932-<b>T</b>,0.913,0.884,0.275
