Variant and risk allele,Mapped gene
rs2153977,MAGI3
rs6679677,RSBN1
rs6679677, PHTF1
rs2476601,PTPN22
rs2476601,PTPN22
rs2476601,PTPN22
rs2476601,PTPN22
rs2358994,AP4B1-AS1
rs2358994, BCL2L15
rs2641348,ADAM30
rs1493696,NOTCH2
rs2229238,IL6R
rs857786,MNDA
rs857786, OR10AA1P
rs10919543,FCGR3A
rs10919543, RPS23P10
rs78037977,FASLG
rs78037977, SLC25A38P1
rs34884278,AIMP1P2
rs2816313,RGS1
rs6689858,CRB1
rs570794153,PTPRC
rs570794153, ATP6V1G3
rs6691977,CAMSAP2
rs55705316,IL10
rs55705316, Y_RNA
rs3024505,Y_RNA
rs3024505, IL10
rs3024505,Y_RNA
rs3024505, IL10
rs17407280,KIF17
rs7524087,LINC02771
rs12128789,BATF3
rs12128789, LINC02773
rs11120029,TATDN3
rs10751776,RUNX3
rs10751776, MIR4425
rs28600853,TTC34
rs574384,PSMB2
rs12742756,INPP5B
rs2269247,PGM1
rs2269241,PGM1
rs855330,PGM1
rs11580078,C1orf141
rs11580078, IL23R
rs2066363,ADGRL2
rs1983853,LPAR3
rs34090353,RPAP2
rs7903146,TCF7L2
rs113306148,PLEKHA1
rs722988,NRP1
rs722988, IATPR
rs7100025,LINC00993
rs61839660,IL2RA
rs61839660,IL2RA
rs12722495,IL2RA
rs706779,IL2RA
rs706778,IL2RA
rs10795791,IL2RA
rs10795791, RPL32P23
rs12251307,RPL32P23
rs12251307, RBM17
rs12251307,RPL32P23
rs12251307, RBM17
rs41295121,RBM17
rs41295121, RPL32P23
rs1983890,RBM17
rs1983890, PFKFB3
rs10822050,ALDH7A1P4
rs947474,LINC02649
rs11258747,PRKCQ
rs78325861,ADAMTS14
rs78325861, PRF1
rs1250563,ZMIZ1
rs3802604,GATA3
rs537544,GATA3
rs10509540,RNLS
rs12416116,RNLS
rs10788599,RNLS
rs10786436,HPSE2
rs1332099,SLC25A28
rs1332099, NKX2-3
rs607703,FLI1
rs605093,FLI1
rs78896587,H19
rs78896587, IGF2
rs4366464,IGF2-AS
rs4366464, INS-IGF2
rs17885785,INS-IGF2
rs17885785, IGF2-AS
rs3741208,INS-IGF2
rs3741208, IGF2-AS
rs1004446,INS-IGF2
rs1004446,INS-IGF2
rs3842753,INS
rs3842753, INS-IGF2
rs689,INS-IGF2
rs689, INS
rs689,INS-IGF2
rs689, INS
rs689,INS-IGF2
rs689, INS
rs3842727,INS
rs3842727, TH
rs3842727,INS
rs3842727, TH
rs4929965,ASCL2
rs4929965, MIR4686
rs72853903,ASCL2
rs72853903, MIR4686
rs7111341,ASCL2
rs7111341, MIR4686
rs10831551,ASCL2
rs10831551, MIR4686
rs5790666,CBX3P1
rs5790666, BDNF
rs2237897,KCNQ1
rs140215710,KCNQ1DN
rs140215710, CDKN1C
rs11033048,SLC1A2
rs79538630,CD6
rs79538630, SLC15A3
rs968567,FADS1
rs968567, FADS2
rs645078,RPS6KA4
rs4084127,FGF3
rs4084127, FGF4
rs7936434,LINC02757
rs7936434, EMSY
rs1265564,CUX2
rs3184504,ATXN2
rs3184504, SH2B3
rs3184504,ATXN2
rs3184504, SH2B3
rs3184504,ATXN2
rs3184504, SH2B3
rs3184504,ATXN2
rs3184504, SH2B3
rs653178,ATXN2
rs17696736,NAA25
rs17466626,LRRK2
rs7313065,SPRYD3
rs11170445,EIF4A1P4
rs11170445, HIGD1AP1
rs705699,RAB5B
rs1689510,SUOX
rs1701704,IKZF4
rs1701704,IKZF4
rs705705,RPS26
rs10876866,ERBB3
rs10876866, RPS26
rs11171739,ERBB3
rs2292239,ERBB3
rs2292239,ERBB3
rs2292239,ERBB3
rs1805731,M6PR
rs7301381,KLRG1
rs3764021,CLEC2D
rs11052552,CLEC2D
rs11052552, LINC02390
rs917911,CD69
rs4763879,CD69
rs11839053,RPL35P9
rs11839053, LINC00460
rs74537115,LINC02341
rs238265,LINC02341
rs539514,LMO7
rs9585056,CCR12P
rs9585056, TM9SF2
rs941576,MEG3
rs56994090,MEG3
rs10137082,IL25
rs10137082, EFS
rs55846421,NEMF
rs911263,RAD51B
rs1465788,MAGOH3P
rs1465788, ZFP36L1
rs1456988,LINC01550
rs4900384,LINC01550
rs8035957,RASGRP1
rs72727394,RASGRP1
rs7171171,LINC02694
rs7171171, RASGRP1
rs72743477,SMAD3
rs34593439,CTSH
rs3825932,CTSH
rs3825932,CTSH
rs7167984,RGMA
rs7167984, SEPHS1P2
rs12708716,CLEC16A
rs12708716,CLEC16A
rs12708716,CLEC16A
rs12927355,CLEC16A
rs2903692,CLEC16A
rs193778,RMI2
rs416603,RMI2
rs12444268,UMOD
rs12444268, GP2
rs4238595,UMOD
rs4238595, GP2
rs1110458,HS3ST2
rs1110458, USP31
rs12598357,SBK1
rs12598357, NPIPB6
rs151234,CLN3
rs4788084,IL27
rs4788084, NUPR1
rs4788084,IL27
rs4788084, NUPR1
rs12928404,ATXN2L
rs77150043,ADCY7
rs117372389,NKD1
rs113935429,FTO
rs9934817,RBFOX1
rs72802342,CTRB2
rs72802342, ZFP1
rs7202877,CTRB1
rs7202877, CTRB2
rs8056814,CTRB1
rs8056814, CTRB2
rs8046043,'-
rs2941522,IKZF3
rs2941522, GRB7
rs12232497,GSDMB
rs12232497, ZPBP2
rs2872507,GSDMB
rs2872507, ZPBP2
rs12453507,ZPBP2
rs12453507, GSDMB
rs2290400,GSDMB
rs56380902,GSDMB
rs7221109,SMARCE1
rs7221109, CCR7
rs757411,SMARCE1
rs757411, CCR7
rs1052553,MAPT
rs1052553,MAPT
rs11651753,PRR15L
rs11651753, PNPO
rs2597169,PRR15L
rs57209021,RDM1P3
rs57209021, ARHGAP27P2
rs61759532,ACAP1
rs16956936,DNAH2
rs2847278,PTPN2
rs2847278, LINC01882
rs2542151,LINC01882
rs2542151, PTPN2
rs2542151,LINC01882
rs2542151, PTPN2
rs1893217,PTPN2
rs1893217,PTPN2
rs12971201,PTPN2
rs1615504,CD226
rs763361,CD226
rs763361,CD226
rs34536443,TYK2
rs12720356,TYK2
rs2304256,TYK2
rs2304256,TYK2
rs62131887,PDE4A
rs62131887, KEAP1
rs425105,PRKD2
rs402072,PRKD2
rs516246,FUT2
rs602662,FUT2
rs12712067,AFF3
rs13415583,AFF3
rs9653442,LINC01104
rs2075184,IL18RAP
rs2075184, SLC9A4
rs4849135,ACOXL
rs1881146,MIR3681HG
rs1534422,MIR3681HG
rs10169963,MIR3681HG
rs192324744,LRP1B
rs77155259,SLC4A10
rs2111485,FAP
rs2111485, IFIH1
rs1990760,IFIH1
rs1990760,IFIH1
rs1990760,IFIH1
rs35667974,IFIH1
rs72871627,IFIH1
rs60587303,STK39
rs7582694,STAT4
rs926169,RNU6-474P
rs926169, CTLA4
rs3087243,ICOS
rs3087243, CTLA4
rs3087243,ICOS
rs3087243, CTLA4
rs3087243,ICOS
rs3087243, CTLA4
rs36001488,ATG16L1
rs4676410,GPR35
rs13018977,SEPTIN2
rs10933559,FARP2
rs2165738,ITSN2
rs2165738, NCOA1
rs478222,EFR3B
rs6547853,PLB1
rs6547853, FOSL2
rs114846446,LINC01250
rs11888640,THADA
rs7567242,RNA5SP94
rs7567242, MIR4432HG
rs12464462,MIR4432HG
rs2281808,SIRPG
rs6043409,SIRPG-AS1
rs6043409, SIRPG
rs2738774,MHENCR
rs2738774, STMN3
rs2128344,LINC00320
rs2836882,RPL23AP12
rs11203202,UBASH3A
rs11203203,UBASH3A
rs9976767,UBASH3A
rs3788013,UBASH3A
rs6518350,GATD3A
rs56178904,GATD3A
rs74203920,AIRE
rs178050,PI4KA
rs428595,PPIL2
rs428595, MIR130B
rs4820830,HORMAD2
rs5753037,LIF-AS1
rs5753037, HORMAD2
rs743777,IL2RB
rs229533,C1QTNF6
rs229541,C1QTNF6
rs229541,C1QTNF6
rs111821448,PHLDB2
rs113010081,LINC02009
rs113010081, CCRL2
rs4625,DAG1
rs3864055,Y_RNA
rs3864055, ARL8B
rs11705721,PXK
rs7679475,TUBB4BP5
rs7679475, QRFPR
rs4505848,KIAA1109
rs6534347,KIAA1109
rs75793288,KIAA1109
rs17388568,ADAD1
rs2069762,IL2
rs62324212,IL21-AS1
rs13147255,ANKRD50
rs13147255, LINC02516
rs2611215,LINC01179
rs34740712,TLL1
rs11725853,GLRA3
rs56337234,TACC3
rs56337234, FGFR3
rs7660520,DCTD
rs7660520, TENM3
rs12644686,LINC02362
rs12644905,ACSL1
rs12644905, CENPU
rs10517086,LINC02357
rs337637,KLF3-AS1
rs139881548,GABRA2
rs7672495,CYTL1
rs7672495, RN7SKP113
rs113881148,DGKQ
rs114378220,CAMK4
rs766751473,IRF1-AS1
rs11741255,IRF1
rs11741255, IRF1-AS1
rs17166496,FSTL4
rs755374,IL12B
rs755374, LINC01845
rs6897932,IL7R
rs11954020,CAPSL
rs11954020, IL7R
rs1445898,CAPSL
rs7725052,RNU1-150P
rs7725052, TTC33
rs1876142,TTC33
rs10213692,ANKRD55
rs7731626,ANKRD55
rs4513644,LINC02225
rs4869313,ERAP2
rs9388489,CENPW
rs1578060,MIR588
rs1578060, CENPW
rs1538171,CENPW
rs1538171, MIR588
rs12665429,LINC02539
rs212408,TAGAP-AS1
rs9356171,RN7SL366P
rs73043122,RNASET2
rs73043122, MIR3939
rs924043,'-
rs12203596,STMND1
rs4320356,BTN2A3P
rs114631266,OR2P1P
rs114631266, OR2W1
rs2471863,HLA-U
rs2471863, HLA-K
rs34941730,HLA-W
rs34941730, HLA-A
rs2523989,TRIM31
rs2523989, TRIM31-AS1
rs45626136,RPP21
rs45626136, TRIM39-RPP21
rs886424,LINC00243
rs116020851,HCG21
rs116020851, SFTA2
rs1265057,RNU6-1133P
rs1265057, C6orf15
rs116763857,POU5F1
rs9264758,RPL3P2
rs2251396,MICA
rs2251396, HLA-S
rs9501130,HCP5
rs9501130, LINC01149
rs3093664,TNF
rs2857595,NCR3
rs2857595, UQCRHP1
rs1270942,CFB
rs3134938,NOTCH4
rs3134938, TSBP1-AS1
rs926592,TSBP1-AS1
rs926592, TSBP1
rs1980493,TSBP1-AS1
rs1980493, BTNL2
rs3135365,HLA-DRA
rs3135365, TSBP1-AS1
rs9268576,TSBP1-AS1
rs9268576, HLA-DRA
rs9268645,HLA-DRA
rs9268853,HLA-DRB9
rs138748427,HLA-DRB5
rs138748427, HLA-DRB9
rs7760731,HLA-DRB1
rs7760731, HLA-DQA1
rs9272346,HLA-DQA1
rs9273363,HLA-DQA1
rs9273363, HLA-DQB1
rs9273367,HLA-DQB1
rs9273367, HLA-DQA1
rs9273368,HLA-DQB1
rs9273368, HLA-DQA1
rs9273368,HLA-DQB1
rs9273368, HLA-DQA1
rs1770,HLA-DQB1
rs1770, HLA-DQB1-AS1
rs9275358,MTCO3P1
rs9275358, HLA-DQB1
rs2647044,HLA-DQB1
rs2647044, MTCO3P1
rs35122968,HLA-DQB3
rs35122968, MTCO3P1
rs3997848,MTCO3P1
rs3997848, HLA-DQB3
rs1015166,TAP2
rs241427,TAP2
rs4148870,TAP2
rs3128930,HLA-DPB2
rs3128930, COL11A2P1
rs1050979,IRF4
rs9405661,IRF4
rs9405661, EXOC2
rs78824139,EYS
rs17711850,BACH2
rs3757247,BACH2
rs11755527,BACH2
rs11755527,BACH2
rs72928038,BACH2
rs10258381,'-
rs7795896,CFTR
rs3757787,PAX4
rs3757787, SND1
rs6461299,AHR
rs7805218,ITGB8
rs17143056,EEF1A1P27
rs7804356,SKAP2
rs10245867,JAZF1
rs550448,JAZF1-AS1
rs10255565,HECW1
rs62447205,IKZF1
rs4263714,COBL
rs4948088,COBL
rs10277986,COBL
rs2250903,CTSB
rs2250903, OR7E158P
rs12679857,TNFRSF11B
rs12679857, RNU6-12P
rs13259300,COLEC10
rs35766765,PHF20L1
rs7831697,RNU6-144P
rs3802214,AGO2
rs2410601,PSD3
rs1947178,TOX
rs4246905,TNFSF15
rs7042370,LURAP1L
rs7042370, LURAP1L-AS1
rs4837404,PTGES
rs10988542,FNBP1
rs541856133,GTF3C5
rs541856133, CEL
rs11145763,CARD9
rs10961433,NFIB
rs10811662,DMRTA1
rs10811662, CDKN2B-AS1
rs7871386,'-
rs6476839,GLIS3
rs7020673,GLIS3
rs10974438,GLIS3
rs10758593,GLIS3
rs36051895,HNRNPA1P41
rs36051895, JAK2
rs74629033,PLGRKT
rs1405209,NR4A3
rs1405209, STX17-AS1
