,Variant ID and risk allele,Han Chinese RAF,Yoruba RAF,GBR RAF
0,rs1015166,0.357,0.935,0.33
1,rs1050979,0.267,0,0.495
2,rs114631266,1.0,1,0.984
3,rs116020851,0.951,1,0.967
4,rs116763857,0.0,0,0.027
5,rs11755527,0.432,0.181,0.467
6,rs12203596,0.068,0.269,0.39
7,rs1265057,0.311,0.528,0.39
8,rs12665429,0.189,0.148,0.374
9,rs1270942,N/A,N/A,N/A
10,rs138748427,0.481,0.167,0.462
11,rs1538171,0.99,0.167,0.453
12,rs1578060,0.99,0.88,0.456
13,rs1770,0.417,0.343,0.44
14,rs17711850,0.0,0.037,0.445
15,rs1980493,N/A,N/A,N/A
16,rs212408,N/A,0.477,0.57
17,rs2251396,N/A,N/A,N/A
18,rs241427,0.68,0.838,0.643
19,rs2471863,0.65,0..579,0.593
20,rs25239,N/A,N/A,N/A
21,rs2647044,0.03,0.05,0.1
22,rs2857595,N/A,N/A,N/A
23,rs3093664,0.034,0.079,0.126
24,rs3128930,0.785,0.383,0.643
25,rs3134938,0.917,0.954,0.78
26,rs3135365,N/A,N/A,N/A
27,rs34941730,0.184,0.116,0.088
28,rs35122968,0.177,0.009,0.093
29,rs3757247,N/A,N/A,N/A
30,rs3997848,0.233,0.394,0.286
31,rs4148870,0.5,0.63,0.56
32,rs4320356,0.286,0.801,0.434
33,rs45626136,0.956,1,0.934
34,rs72928038,0.0,0,N/A
35,rs73043122,0.092,0.009,0.022
36,rs7760731,N/A,N/A,N/A
37,rs78824139,1.0,1,0.989
38,rs886424,N/A,N/A,N/A
39,rs924043,N/A,N/A,N/A
40,rs9264758,0.767,0.815,0.819
41,rs926592,N/A,N/A,N/A
42,rs9268576,0.17,0.12,0.038
43,rs9268645,N/A,N/A,N/A
44,rs9268853,N/A,N/A,N/A
45,rs9272346,0.422,0.579,0.407
46,rs9273363,0.34,0.088,0.308
47,rs9273367,0.388,0.088,0.698
48,rs9273368,0.66,0.912,0.698
49,rs9275358,N/A,N/A,N/A
50,rs9356171,0.84,0.727,0.571
51,rs9388489,0.99,0.83,0.46
52,rs9405661,0.272,0,0.451
53,rs9501130,0.762,0.699,0.83
54,rs12712067,0.62,0.2,0.38
55,rs13415583,N/A,N/A,N/A
56,rs9653442,N/A,N/A,N/A
57,rs2075184,0.49,0.06,0.25
58,rs4849135,0.675,0.481,0.725
59,rs1881146,0.38,0.17,0.37
60,rs1534422,0.199,0.546,0.423
61,rs10169963,0.56,0.46,0.52
62,rs192324744,N/A,N/A,N/A
63,rs77155259,N/A,N/A,N/A
64,rs2111485,0.141,0.093,0.615
65,rs1990760,N/A,N/A,N/A
66,rs35667974,1.0,1,0.995
67,rs72871627,1.0,1,N/A
68,rs60587303,N/A,N/A,N/A
69,rs7582694,N/A,N/A,N/A
70,rs926169,0.68,0.34,0.42
71,rs3087243,0.81,0.81,0.58
72,rs36001488,N/A,N/A,N/A
73,rs4676410,N/A,N/A,N/A
74,rs13018977,N/A,0.12,0.247
75,rs10933559,N/A,N/A,N/A
76,rs2165738,0.704,0.819,0.264
77,rs478222,N/A,N/A,N/A
78,rs6547853,N/A,N/A,N/A
79,rs114846446,N/A,N/A,N/A
80,rs11888640,N/A,N/A,N/A
81,rs7567242,N/A,N/A,N/A
82,rs12464462,N/A,0.48,0.44
83,rs2153977,0.7,0.13,0.29
84,rs6679677,N/A,N/A,N/A
85,rs2476601,N/A,N/A,N/A
86,rs2358994,0.6,N/A,0.17
87,rs2641348,N/A,N/A,N/A
88,rs1493696,0.073,0.495,0.132
89,rs2229238,0.888,0.829,0.824
90,rs857786,0.45,0.29,0.54
91,rs10919543,N/A,N/A,N/A
92,rs78037977,N/A,N/A,0.879
93,rs34884278,N/A,N/A,N/A
94,rs2816313,0.82,0.99,0.76
95,rs6689858,N/A,N/A,N/A
96,rs570794153,N/A,N/A,N/A
97,rs6691977,N/A,N/A,N/A
98,rs55705316,N/A,N/A,0.12
99,rs3024505,N/A,N/A,N/A
100,rs17407280,N/A,N/A,N/A
101,rs7524087,N/A,N/A,0.02
102,rs12128789,0.32,0.2,0.15
103,rs11120029,0.3,0.22,0.12
104,rs10751776,0.694,0.796,0.499
105,rs28600853,N/A,N/A,N/A
106,rs574384,0.18,0.14,0.9
107,rs12742756,N/A,N/A,N/A
108,rs2269247,0.17,0.15,0.21
109,rs2269241,N/A,0.79,N/A
110,rs855330,N/A,N/A,N/A
111,rs11580078,N/A,N/A,N/A
112,rs2066363,N/A,N/A,N/A
113,rs1983853,N/A,N/A,N/A
114,rs34090353,0.005,0.278,N/A
115,rs7679475,N/A,N/A,N/A
116,rs4505848,N/A,N/A,N/A
117,rs6534347,0.62,0.27,0.66
118,rs75793288,N/A,N/A,N/A
119,rs17388568,N/A,N/A,N/A
120,rs2069762,0.709,0.977,0.687
121,rs62324212,0.86,N/A,N/A
122,rs13147255,N/A,N/A,N/A
123,rs2611215,N/A,N/A,N/A
124,rs34740712,0.14,N/A,0.11
125,rs11725853,N/A,N/A,N/A
126,rs56337234,0.767,0.162,0.495
127,rs7660520,N/A,N/A,N/A
128,rs12644686,0.5,0.32,0.13
129,rs12644905,0.82,0.98,0.96
130,rs10517086,N/A,0.3,0.3
131,rs1051708,N/A,N/A,N/A
132,rs337637,N/A,N/A,N/A
133,rs139881548,1.0,1,0.978
134,rs7672495,0.59,0.2,0.18
135,rs113881148,N/A,N/A,N/A
136,rs114378220,N/A,N/A,0.071
137,rs766751473,N/A,N/A,N/A
138,rs11741255,N/A,N/A,N/A
139,rs17166496,0.699,0.366,0.538
140,rs755374,0.316,0.176,N/A
141,rs6897932,N/A,N/A,N/A
142,rs11954020,0.791,0.718,0.434
143,rs1445898,N/A,N/A,N/A
144,rs7725052,0.816,0.597,0.396
145,rs1876142,0.364,0.264,0.698
146,rs10213692,N/A,N/A,N/A
147,rs7731626,0.922,N/A,N/A
148,rs4513644,N/A,N/A,N/A
149,rs4869313,N/A,N/A,N/A
150,rs10258381,N/A,N/A,N/A
151,rs7795896,N/A,0.718,0.703
152,rs3757787,N/A,N/A,N/A
153,rs6461299,0.51,0.61,0.43
154,rs7805218,N/A,N/A,N/A
155,rs17143056,N/A,N/A,N/A
156,rs7804356,N/A,N/A,N/A
157,rs10245867,N/A,N/A,N/A
158,rs550448,N/A,N/A,N/A
159,rs10255565,N/A,N/A,N/A
160,rs62447205,N/A,N/A,0.687
161,rs4263714,N/A,N/A,0.945
162,rs4948088,N/A,N/A,N/A
163,rs10277986,N/A,N/A,N/A
164,rs2250903,N/A,N/A,N/A
165,rs12679857,N/A,N/A,N/A
166,rs13259300,0.42,0.82,0.58
167,rs35766765,0.35,0.06,0.07
168,rs7831697,0.631,0.741,0.33
169,rs3802214,N/A,N/A,N/A
170,rs2410601,0.15,0.65,0.46
171,rs1947178,0.83,0.37,0.84
172,rs4246905,N/A,N/A,N/A
173,rs7042370,0.62,0.34,0.53
174,rs4837404,0.32,N/A,0.352
175,rs10988542,N/A,N/A,N/A
176,rs541856133,N/A,N/A,0.01
177,rs11145763,N/A,N/A,N/A
178,rs10961433,N/A,N/A,N/A
179,rs10811662,0.43,0.05,0.13
180,rs7871386,0.073,0.398,0.258
181,rs6476839,0.413,0.458,0.468
182,rs7020673,N/A,N/A,N/A
183,rs10974438,0.335,0.069,0.274
184,rs10758593,0.41,0.43,0.46
185,rs36051895,0.26,0.05,0.29
186,rs74629033,0.898,0.921,0.967
187,rs1405209,0.204,0.343,0.374
188,rs7903146,0.02,0.24,0.26
189,rs113306148,N/A,N/A,N/A
190,rs722988,N/A,N/A,N/A
191,rs7100025,0.2,0.25,0.36
192,rs61839660,N/A,N/A,0.896
193,rs12722495,N/A,N/A,N/A
194,rs706779,0.359,N/A,0.456
195,rs706778,N/A,N/A,N/A
196,rs10795791,N/A,N/A,N/A
197,rs12251307,N/A,N/A,N/A
198,rs41295121,0.99,1,0.995
199,rs1983890,N/A,N/A,N/A
200,rs10822050,N/A,N/A,N/A
201,rs947474,N/A,N/A,N/A
202,rs11258747,N/A,N/A,N/A
203,rs78325861,N/A,N/A,N/A
204,rs1250563,0.354,0.963,0.28
205,rs3802604,N/A,N/A,N/A
206,rs537544,N/A,N/A,N/A
207,rs10509540,0.777,N/A,N/A
208,rs12416116,N/A,N/A,N/A
209,rs10788599,N/A,N/A,N/A
210,rs10786436,0.6,0.54,0.4
211,rs1332099,0.456,0.463,0.352
212,rs607703,N/A,N/A,N/A
213,rs605093,N/A,N/A,N/A
214,rs78896587,N/A,N/A,N/A
215,rs4366464,N/A,N/A,N/A
216,rs17885785,N/A,N/A,N/A
217,rs3741208,N/A,N/A,N/A
218,rs1004446,N/A,N/A,N/A
219,rs3842753,N/A,N/A,N/A
220,rs689,N/A,N/A,N/A
221,rs3842727,0.95,0.19,0.66
222,rs4929965,N/A,N/A,N/A
223,rs72853903,0.917,0.977,0.665
224,rs7111341,N/A,N/A,N/A
225,rs10831551,N/A,N/A,N/A
226,rs5790666,N/A,N/A,N/A
227,rs2237897,0.38,0.09,0.03
228,rs140215710,N/A,N/A,N/A
229,rs11033048,0.54,0.24,0.37
230,rs79538630,0.005,0.111,0.044
231,rs968567,N/A,N/A,N/A
232,rs645078,N/A,N/A,N/A
233,rs4084127,N/A,N/A,N/A
234,rs7936434,0.519,0.278,0.473
235,rs1265564,N/A,N/A,N/A
236,rs3184504,N/A,1,N/A
237,rs653178,0.01,N/A,0.5
238,rs17696736,0.01,N/A,0.456
239,rs17466626,N/A,N/A,0.01
240,rs7313065,N/A,N/A,N/A
241,rs11170445,N/A,N/A,N/A
242,rs705699,N/A,N/A,N/A
243,rs1689510,0.25,N/A,0.66
244,rs1701704,N/A,N/A,N/A
245,rs705705,N/A,N/A,N/A
246,rs10876866,0.25,N/A,0.35
247,rs11171739,N/A,N/A,N/A
248,rs2292239,N/A,N/A,N/A
249,rs1805731,N/A,N/A,N/A
250,rs7301381,N/A,N/A,N/A
251,rs3764021,N/A,N/A,N/A
252,rs11052552,N/A,N/A,N/A
253,rs917911,N/A,N/A,N/A
254,rs4763879,N/A,N/A,N/A
255,rs11839053,N/A,N/A,N/A
256,rs74537115,N/A,N/A,N/A
257,rs238265,0.83,0.58,0.7
258,rs539514,N/A,N/A,N/A
259,rs9585056,0.07,0.48,0.25
260,rs941576,N/A,N/A,N/A
261,rs56994090,0.67,0.56,0.6
262,rs10137082,N/A,N/A,N/A
263,rs55846421,N/A,N/A,N/A
264,rs911263,0.86,0.9,0.71
265,rs1465788,N/A,N/A,N/A
266,rs1456988,N/A,N/A,N/A
267,rs12708716,0.77,0.5,0.66
268,rs12927355,N/A,N/A,N/A
269,rs2903692,0.78,0.67,0.68
270,rs193778,N/A,0.13,0.3
271,rs416603,N/A,N/A,N/A
272,rs12444268,0.01,0.06,0.286
273,rs4238595,N/A,N/A,N/A
274,rs1110458,N/A,N/A,N/A
275,rs12598357,N/A,N/A,N/A
276,rs151234,N/A,N/A,N/A
277,rs4788084,N/A,N/A,N/A
278,rs12928404,0.546,N/A,0.352
279,rs77150043,N/A,N/A,N/A
280,rs117372389,N/A,N/A,0.01
281,rs113935429,N/A,N/A,N/A
282,rs9934817,N/A,0.12,0.02
283,rs72802342,0.11,N/A,N/A
284,rs7202877,0.214,0.139,0.121
285,rs8056814,N/A,N/A,N/A
286,rs8046043,N/A,N/A,N/A
287,rs2941522,0.379,0.519,0.522
288,rs12232497,N/A,N/A,N/A
289,rs2872507,0.364,0.231,0.478
290,rs12453507,0.636,0.769,0.478
291,rs2290400,N/A,N/A,N/A
292,rs56380902,N/A,N/A,N/A
293,rs757411,N/A,N/A,N/A
294,rs1052553,1.0,0.986,0.753
295,rs11651753,N/A,N/A,N/A
296,rs2597169,0.45,0.36,0.33
297,rs57209021,0.325,N/A,0.264
298,rs61759532,0.155,N/A,0.236
299,rs16956936,N/A,N/A,N/A
300,rs2847278,0.811,0.796,0.808
301,rs2542151,0.189,0.213,0.192
302,rs1893217,0.194,0.056,N/A
303,rs12971201,N/A,0.912,0.615
304,rs1615504,0.359,0.755,0.522
305,rs763361,N/A,N/A,N/A
306,rs34536443,1.0,1,0.973
307,rs12720356,1.0,1,0.896
308,rs2304256,0.544,0.903,0.725
309,rs62131887,0.495,0.616,0.225
310,rs425105,N/A,N/A,N/A
311,rs402072,0.859,0.968,0.824
312,rs516246,0.015,0.542,0.473
313,rs602662,N/A,N/A,N/A
314,rs2281808,N/A,N/A,N/A
315,rs6043409,0.83,0.801,N/A
316,rs2738774,0.529,0.019,N/A
317,rs2128344,N/A,N/A,N/A
318,rs2836882,0.281,0.069,0.203
319,rs11203202,N/A,N/A,N/A
320,rs11203203,N/A,N/A,N/A
321,rs9976767,N/A,N/A,N/A
322,rs3788013,0.296,0.551,0.473
323,rs6518350,0.903,0.898,0.813
324,rs56178904,N/A,0.083,0.187
325,rs74203920,N/A,N/A,N/A
326,rs178050,N/A,N/A,0.978
327,rs428595,0.107,N/A,0.016
328,rs4820830,N/A,N/A,N/A
329,rs5753037,0.495,0.106,0.429
330,rs743777,0.107,0.477,0.291
331,rs229533,N/A,0.792,N/A
332,rs229541,N/A,N/A,N/A
333,rs8035957,0.544,0.75,0.214
334,rs72727394,0.102,0.032,0.159
335,rs7171171,0.031,0.37,0.165
336,rs72743477,0.024,0.037,0.17
337,rs34593439,0.937,0.935,0.896
338,rs3825932,0.913,0.884,0.275
